// Generated by tools/legends/build_appearance.py.
const u32 gLegendsBrendanTrailFront[] = {
    0x00080010,0x00000000,0x00000000,0x00000000,0x00000000,0x00000000,0x00000000,0x00000000,0x00000000,0x00000000,0x00000000,0x00000000,0x00000000,0x00000000,0x00000000,0x00000000,
    0x00000000,0x00000000,0x00000000,0x00000000,0x00000000,0x00000000,0x00000000,0x00000000,0x00000000,0x00000000,0x00000000,0x00000000,0x00000000,0x00000000,0x00000000,0x00000000,
    0x00000000,0x00000000,0x00000000,0x00000000,0x00000000,0x00000000,0x00000000,0x00000000,0x00000000,0x00000000,0x00000000,0x00000000,0x00000000,0x00000000,0x00000000,0x00000000,
    0x00000000,0x00000000,0x00000000,0x00000000,0x00000000,0x00000000,0x00000000,0x00000000,0x00000000,0x00000000,0x00000000,0x00000000,0x00000000,0x00000000,0x00000000,0x00000000,
    0x00000000,0x00000000,0x00000000,0x00000000,0x00000000,0x00000000,0x00000000,0x00000000,0x00000000,0x00000000,0x00000000,0x00000000,0x00000000,0x00000000,0x00000000,0x00000000,
    0x00000000,0x00000000,0x00000000,0x00000000,0x00000000,0x00000000,0x00000000,0x00000000,0x00000000,0x00000000,0x00000000,0x00000000,0x00000000,0x00000060,0x50009655,0x000059EE,
    0x00999600,0x00956000,0xF5600000,0xF5560000,0x55500600,0xEEE56905,0xEEE5005E,0xEE9999EE,0x9900999E,0x59BB845E,0x00669E95,0xEE9BBAA5,0x888BAAAA,0x00000000,0x00000500,0x00590000,
    0x05990000,0xB8000000,0x99000055,0x000000FB,0x000FBBB9,0x000FBBB6,0x00000000,0x00000000,0x00000000,0x00000000,0x00000000,0x00000000,0x00000000,0x00000000,0x00000000,0x00000000,
    0x00000000,0x00000000,0x00000000,0x00000000,0x00000000,0x00000000,0x00000000,0x00000000,0x00000000,0x00000000,0x00000000,0x00000000,0x00000000,0x00000000,0x00000000,0x00000000,
    0x00000000,0x00000000,0x00000000,0x00000000,0x00000000,0x00000000,0x00000000,0x00000000,0x00000000,0x00000000,0x00000000,0x00000000,0x00000000,0x00000000,0x00000000,0x00000000,
    0x00000000,0x00000000,0x00000000,0x96000000,0x600000BF,0x0000008F,0x00002F00,0x00002400,0x00240000,0x00400000,0x00000000,0x00000000,0x188AAB00,0x13228B21,0xE51F0021,0xEF132112,
    0x14002111,0x4F211112,0x00311111,0x24311380,0x3223FF00,0x0FB88400,0x0F842300,0x83EF0000,0x43E50004,0x22000004,0x22000042,0x00000044,0x00000432,0x00000004,0x00000000,0x00000000,
    0x00000000,0x00000000,0x00000000,0x00000000,0x00000000,0x00000000,0x00000000,0x00000000,0x00000000,0x00000000,0x00000000,0x00000000,0x00000000,0x00000000,0x00000000,0x00000000,
    0x00000000,0x00000000,0x00000000,0x00000000,0x00000000,0x00000000,0x00000000,0x00000000,0x00000000,0x00000000,0x00000000,0x00000000,0x00000000,0x00000000,0x00000000,0x00000000,
    0x00000000,0x00000000,0x00000000,0x00000000,0x00000000,0x00000000,0x00000000,0x00000000,0x00000000,0x00000000,0x00000000,0x00000000,0x00000000,0x00000000,0x00004000,0x0000F000,
    0x005F0000,0x005F0000,0x65600000,0x66BB0000,0x4F56F000,0x386FB04F,0x6AAF0063,0xAAAA8386,0x6500B66B,0x56AABAA8,0x00A6AA85,0x8AA85668,0xAA4558F8,0x0000F600,0x0000FF00,0x0F4B0000,
    0xF8BB0000,0xBB000000,0x8B000F88,0x00000F85,0x00F6F558,0x03B8F558,0x00000000,0x00000000,0x00000000,0x00000000,0x00004000,0x00244000,0x004CC440,0xDCD42400,0x34E52400,0x00000000,
    0x00000000,0x00000000,0x00000000,0x04000000,0x04000000,0x00000000,0x00000004,0x00000041,0x00000000,0x00000000,0x00000000,0x00000000,0x00000000,0x00000000,0x00000000,0x00000000,
    0x00000000,0x00000000,0x00000000,0x00000000,0x00000000,0x00000000,0x00000000,0x00000000,0x00000000,0x00000000,0x00000000,0x00000000,0x00000000,0x00000000,0x00000000,0x00000000,
    0x00000000,0x60000000,0x60000000,0xA4000000,0xBA40008B,0x140000FB,0x11304FBA,0x8000F04B,0xA6F04B68,0x00F00855,0x0004BA55,0x00046588,0x56B6FF00,0x6BBBF4A4,0xB44B00B8,0xBFBB866B,
    0xBB0086BB,0xBB66BBBF,0x00BBBBB6,0x666688FF,0x555688F0,0xBBF88B00,0xBBF8BB04,0x06BB0043,0x6BBBB4BF,0xB800BB40,0x4BB4006B,0x0040000F,0x00000668,0x00008668,0x98480000,0x8FC88445,
    0x6B820024,0xB682444D,0x3300FFF8,0x44000888,0x00000000,0x00000000,0x00000000,0x00004400,0x0000F400,0x000F0000,0x00000000,0x00000000,0x00000000,0x00000000,0x00000000,0x00000000,
    0x00000000,0x00000000,0x00000000,0x00000000,0x00000000,0x00000000,0x00000000,0x00000000,0x00000000,0x00000000,0x00000000,0x00000000,0x00000000,0x00000000,0x00000000,0x00000000,
    0x00000000,0x00000000,0x00000000,0x000000B4,0x000000C4,0x0000C400,0x0000F000,0x00000000,0x00000000,0x00000000,0x00000000,0x00FF8C00,0x000FCC00,0xF2DC0000,0xF4210000,0x4F00F000,
    0x00F0000F,0x00F00000,0x8F000000,0x8F000000,0x55688000,0x55588F55,0x588F0055,0x5688F855,0x88006F65,0x886F6555,0x00888655,0x88865568,0x80865558,0x00F66600,0x00F66800,0x66660000,
    0x66660008,0x66000008,0x66000866,0x00000F66,0x00F66666,0x00F66666,0x00000000,0x00000000,0x00000000,0x00000000,0x00000000,0x00000000,0x00000000,0x00000000,0x00000000,0x00000000,
    0x00000000,0x00000000,0x00000000,0x00000000,0x00000000,0x00000000,0x00000000,0x00000000,0x00000000,0x00000000,0x00000000,0x00000000,0x00000000,0x00000000,0x00000000,0x00000000,
    0x00000000,0x00000000,0x00000000,0x00000000,0x00000000,0x00000000,0x00000000,0x00000000,0x00000000,0x00000000,0x00000000,0x00000000,0x00000000,0x00000000,0x00000000,0x00000000,
    0x00000000,0x00000000,0x00000000,0x00000000,0xF000008F,0x00000088,0x00008FF0,0x0000FF00,0x0086F000,0x0066F000,0x66F00000,0x66B80000,0x86555800,0x0F6556F0,0x855600F0,0xFFFFF00F,
    0xF800F00F,0xF800000F,0x00000000,0x0000008F,0x0000000B,0xF6666800,0xF8666800,0x66680000,0xFFFF00F8,0xFF00000F,0x8F00008F,0x00000688,0x00088888,0x000F8888,0x00000000,0x00000000,
    0x00000000,0x00000000,0x00000000,0x00000000,0x00000000,0x00000000,0x00000000,0x00000000,0x00000000,0x00000000,0x00000000,0x00000000,0x00000000,0x00000000,0x00000000,0x00000000,
    0x00000000,0x00000000,0x00000000,0x00000000,0x00000000,0x00000000,0x00000000,0x00000000,0x00000000,0x00000000,0x00000000,0x00000000,0x00000000,0x00000000,0x00000000,0x00000000,
    0x00000000,0x00000000,0x00000000,0x00000000,0x00000000,0x00000000,0x00000000,0x00000000,0x00000000,0x00000000,0x00000000,0xF8000000,0xDF0000BB,0x000000FB,0x0000FB4F,0x00004FFF,
    0x00888D40,0x00599D40,0xFFFF0000,0x00000000,0x00006800,0x0000FD00,0x00F40000,0x000F0000,0xFD000000,0xF5000000,0x00000000,0x0000000F,0x00000000,0x0FF8F000,0x88F4D000,0x8D4F0000,
    0xF8DF8FFF,0xF0004FF4,0x005995FF,0x00FFFF00,0x00000000,0x00000000,0x00000000,0x00000000,0x00000000,0x000F0000,0x0F000000,0x00000000,0x00000000,0x00000000,0x00000000,0x00000000,
    0x00000000,0x00000000,0x00000000,0x00000000,0x00000000,0x00000000,0x00000000,0x00000000,0x00000000,0x00000000,0x00000000,0x00000000,0x00000000,0x00000000,0x00000000,0x00000000,
    0x00000000,
};
const u8 ALIGNED(4) gLegendsBrendanTrailBack[] = {
    0x00,0x00,0x00,0x00,0x00,0x00,0x00,0x00,0x00,0x00,0x00,0x00,0x00,0x00,0x00,0x00,
    0x00,0x00,0x00,0x00,0x00,0x00,0x00,0x00,0x00,0x00,0x00,0x00,0x00,0x00,0x00,0x00,
    0x00,0x00,0x00,0x00,0x00,0x00,0x00,0x00,0x00,0x00,0x00,0x00,0x00,0x00,0x00,0x00,
    0x00,0x00,0x00,0x00,0x00,0x00,0x00,0x00,0x00,0x00,0x00,0x00,0x00,0x00,0x00,0x00,
    0x00,0x00,0x00,0x00,0x00,0x00,0x00,0x00,0x00,0x00,0x00,0x00,0x00,0x00,0x00,0x00,
    0x00,0x00,0x00,0x00,0x00,0x00,0x00,0x00,0x00,0x00,0x00,0x00,0x00,0x00,0x00,0x00,
    0x00,0x00,0x00,0x00,0x00,0x00,0x00,0x00,0x00,0x00,0x00,0x00,0x00,0x00,0x00,0x00,
    0x00,0x00,0x00,0x00,0x00,0x00,0x00,0x00,0x00,0x00,0x00,0x00,0x00,0x00,0x00,0x00,
    0x00,0x00,0x00,0x00,0x00,0x00,0x00,0x00,0x00,0x00,0x00,0x00,0x00,0x00,0x00,0x00,
    0x00,0x00,0x00,0x00,0x00,0x00,0x00,0x00,0x00,0x00,0x00,0x00,0x00,0x00,0x00,0x00,
    0x00,0x00,0x00,0x00,0x00,0x00,0x00,0x00,0x00,0x00,0x00,0x00,0x00,0x00,0x00,0x00,
    0x00,0x00,0x00,0x00,0x00,0x00,0x00,0x00,0x00,0x00,0x00,0x00,0x00,0x00,0x00,0x00,
    0x00,0x00,0x00,0x00,0x00,0x00,0x00,0x00,0x00,0x00,0x00,0x00,0x00,0x00,0x00,0x00,
    0x00,0x00,0x00,0x00,0x00,0x00,0x00,0x00,0x00,0x00,0x00,0x00,0x00,0x00,0x00,0x00,
    0x00,0x00,0x00,0x00,0x00,0x00,0x00,0x00,0x00,0x00,0x00,0x00,0x00,0x00,0x00,0x00,
    0x00,0x00,0x00,0x00,0x00,0x00,0x00,0x00,0x00,0x00,0x00,0x00,0x00,0x00,0x00,0x00,
    0x00,0x00,0x00,0x00,0x00,0x00,0x00,0x00,0x00,0x00,0x00,0x00,0x00,0x00,0x00,0x00,
    0x00,0x00,0x00,0x00,0x00,0x00,0x00,0x00,0x00,0x00,0x00,0x00,0x00,0x00,0x00,0x00,
    0x00,0x00,0x00,0x00,0x00,0x00,0x00,0x00,0x00,0x00,0x00,0x00,0x00,0x00,0x00,0x00,
    0x00,0x00,0x00,0x00,0x00,0x00,0x00,0x00,0x00,0x00,0x00,0x00,0x00,0x00,0x00,0x00,
    0x00,0x00,0x00,0x00,0x00,0x00,0x00,0x00,0x00,0x00,0x00,0x00,0x00,0x00,0x00,0x00,
    0x00,0x00,0x00,0x00,0x00,0x00,0x00,0x00,0x00,0x00,0x00,0x00,0x00,0x00,0x00,0x00,
    0x00,0x00,0x00,0x00,0x00,0x00,0x00,0x00,0x00,0x00,0x00,0x00,0x00,0x00,0x00,0x00,
    0x00,0x00,0x00,0x00,0x00,0x00,0x50,0x55,0x00,0x50,0xE5,0xEE,0x50,0xE5,0xEE,0xEE,
    0x00,0x00,0x00,0x00,0x00,0x00,0x00,0x00,0x00,0x00,0x00,0x00,0x00,0x00,0x00,0x00,
    0x00,0x00,0x00,0x00,0x00,0x00,0x00,0x00,0x55,0x05,0x00,0x00,0xEE,0x77,0x87,0x00,
    0x00,0x00,0x00,0x00,0x00,0x00,0x00,0x00,0x00,0x00,0x00,0x00,0x00,0x00,0x00,0x00,
    0x00,0x00,0x00,0x00,0x00,0x00,0x00,0x00,0x00,0x00,0x00,0x00,0x00,0x00,0x00,0x00,
    0x00,0x00,0x00,0x00,0x00,0x00,0x00,0x00,0x00,0x00,0x00,0x00,0x00,0x00,0x00,0x00,
    0x00,0x00,0x00,0x00,0x00,0x00,0x00,0x00,0x00,0x00,0x00,0x00,0x00,0x00,0x00,0x00,
    0x00,0x00,0x00,0x00,0x00,0x00,0x00,0x00,0x00,0x00,0x00,0x00,0x00,0x00,0x00,0x00,
    0x00,0x00,0x00,0x00,0x00,0x00,0x00,0x00,0x00,0x00,0x00,0x00,0x00,0x00,0x00,0x00,
    0x00,0x00,0x00,0x00,0x00,0x00,0x00,0x00,0x00,0x00,0x00,0x00,0x00,0x00,0x00,0x00,
    0x00,0x00,0x00,0x00,0x00,0x00,0x00,0x00,0x00,0x00,0x00,0x00,0x00,0x00,0x00,0x00,
    0x00,0x00,0x00,0x50,0x00,0x00,0x00,0x60,0x00,0x00,0x00,0x50,0x00,0x00,0x00,0x00,
    0x00,0x00,0x00,0x00,0x00,0x00,0x00,0x00,0x00,0x00,0x00,0x00,0x00,0x00,0x00,0x60,
    0x55,0x05,0x00,0x50,0xEE,0x59,0x55,0xE5,0xE9,0xEE,0x5E,0xEE,0x95,0xEE,0xE9,0xEE,
    0x96,0xE9,0xEE,0xEE,0x56,0xEE,0x9E,0x9E,0xE6,0xEE,0xE9,0xE9,0xEE,0x99,0x99,0x9E,
    0xE5,0xEE,0xEE,0xEE,0xEE,0xEE,0xEE,0xEE,0xEE,0xEE,0xEE,0x9E,0xEE,0xEE,0xEE,0x99,
    0xEE,0xEE,0xEE,0x99,0xEE,0xEE,0x9E,0x99,0xEE,0xEE,0x9E,0x99,0xEE,0xEE,0x99,0x99,
    0xEE,0x9E,0x75,0x87,0xEE,0xEE,0x99,0x77,0x99,0x99,0x99,0x79,0x99,0x99,0x99,0x75,
    0x99,0x99,0x99,0xB7,0x99,0x99,0x79,0xBB,0x99,0x59,0xB7,0xBB,0xF9,0x7F,0xBB,0xBB,
    0x00,0x00,0x00,0x00,0x07,0x00,0x00,0x00,0x8A,0x00,0x00,0x00,0x8A,0x00,0x00,0x00,
    0xAB,0x08,0x00,0x00,0xAB,0x08,0x00,0x00,0xBB,0x8A,0x00,0x00,0xBB,0x8A,0x00,0x00,
    0x00,0x00,0x00,0x00,0x00,0x00,0x00,0x00,0x00,0x00,0x00,0x00,0x00,0x00,0x00,0x00,
    0x00,0x00,0x00,0x00,0x00,0x00,0x00,0x00,0x00,0x00,0x00,0x00,0x00,0x00,0x00,0x00,
    0x00,0x00,0x00,0x00,0x00,0x00,0x00,0x00,0x00,0x00,0x00,0x00,0x00,0x00,0x00,0x00,
    0x00,0x00,0x00,0x00,0x00,0x00,0x00,0x00,0x00,0x00,0x00,0x00,0x00,0x00,0x00,0x00,
    0x00,0x00,0x00,0x00,0x00,0x00,0x00,0x00,0x00,0x00,0x00,0x00,0x00,0x00,0x00,0x00,
    0x00,0x00,0x00,0x00,0x00,0x00,0x00,0x00,0x00,0x00,0x00,0x00,0x00,0x00,0x00,0x00,
    0x00,0x00,0x00,0x96,0x00,0x00,0x60,0x99,0x00,0x00,0x96,0x99,0x00,0x60,0x99,0x99,
    0x00,0x96,0x99,0x69,0x00,0x60,0x66,0x00,0x00,0x00,0x00,0x00,0x00,0x00,0x00,0x00,
    0x99,0x99,0x99,0x99,0x99,0x99,0x99,0x99,0x99,0x99,0x99,0x99,0x99,0x99,0x99,0x99,
    0x96,0x99,0x99,0x99,0x60,0x99,0x99,0x69,0x60,0x99,0x99,0x69,0x00,0x96,0x99,0xF6,
    0xE9,0xEE,0x99,0xF9,0x99,0x9E,0x99,0xBF,0x89,0x9E,0x99,0xB8,0x86,0x99,0x99,0xB8,
    0x86,0x98,0x99,0xB8,0xFF,0x9F,0x89,0xB5,0xFF,0x8F,0x89,0x56,0xFF,0xFF,0x89,0x6F,
    0xBF,0xBB,0xBB,0xBB,0xBB,0xBB,0xBB,0xBB,0xBB,0xBB,0xBB,0xBB,0xBB,0xBB,0xBB,0x8B,
    0xBB,0xBB,0xBB,0x28,0xBB,0xBB,0x88,0x22,0xBB,0x86,0x28,0x22,0x86,0x38,0x18,0x22,
    0xBB,0x8B,0x00,0x00,0x8B,0x08,0x00,0x00,0x2B,0x04,0x00,0x00,0x48,0x03,0x00,0x00,
    0x72,0x04,0x00,0x00,0xFE,0x02,0x00,0x00,0x7E,0x02,0x00,0x00,0x5E,0x42,0x00,0x00,
    0x00,0x00,0x00,0x00,0x00,0x00,0x00,0x00,0x00,0x00,0x00,0x00,0x00,0x00,0x00,0x00,
    0x00,0x00,0x00,0x00,0x00,0x00,0x00,0x00,0x00,0x00,0x00,0x00,0x00,0x00,0x00,0x00,
    0x00,0x00,0x00,0x00,0x00,0x00,0x00,0x00,0x00,0x00,0x00,0x00,0x00,0x00,0x00,0x00,
    0x00,0x00,0x00,0x00,0x00,0x00,0x00,0x00,0x00,0x00,0x00,0x00,0x00,0x00,0x00,0x00,
    0x00,0x00,0x00,0x00,0x00,0x00,0x00,0x00,0x00,0x00,0x00,0x00,0x00,0x00,0x00,0x00,
    0x00,0x00,0x00,0x00,0x00,0x00,0xBB,0x04,0x00,0xB0,0xAA,0x0B,0x00,0xB0,0xAA,0x04,
    0x00,0x00,0x00,0x00,0x00,0x00,0x00,0x00,0x00,0x00,0x00,0x00,0x00,0x00,0x00,0x00,
    0x00,0x00,0x00,0x00,0x00,0x00,0x00,0x00,0x00,0x00,0x00,0x00,0x00,0x00,0x00,0x00,
    0x00,0x96,0x99,0xF6,0x00,0x60,0x69,0xFF,0x00,0x60,0x69,0xFF,0x00,0x00,0x06,0xF0,
    0x00,0x00,0x00,0x00,0x00,0x00,0x00,0x00,0x00,0x00,0x00,0x00,0x00,0x00,0x00,0x00,
    0xFF,0xFF,0x8F,0x68,0xFF,0xFF,0xF8,0x88,0xFF,0x8F,0x8F,0x8F,0xFF,0xFF,0xF8,0x88,
    0xF8,0x8F,0x88,0x88,0xF0,0xFF,0x88,0x88,0x00,0xFF,0x8F,0x38,0x00,0xF0,0xFF,0x3F,
    0x8F,0x32,0x11,0x11,0x48,0x32,0x11,0x11,0x38,0x34,0x11,0x11,0x38,0x24,0x13,0x11,
    0x33,0x43,0x24,0x11,0x33,0x33,0x22,0x11,0x33,0x33,0x33,0x88,0x33,0x86,0x88,0x55,
    0xE1,0x41,0x00,0x00,0x11,0x11,0x04,0x00,0x11,0x21,0x00,0x00,0x11,0x41,0x00,0x00,
    0x21,0x03,0x00,0x00,0x81,0x08,0x00,0x00,0x5F,0xF5,0x00,0x00,0x66,0x0F,0x00,0x00,
    0x00,0x00,0x00,0x00,0x00,0x00,0x00,0x00,0x00,0x00,0x00,0x00,0x00,0x00,0x00,0x00,
    0x00,0x00,0x00,0x00,0x00,0x00,0x00,0x00,0x00,0x00,0x00,0x00,0x00,0x00,0x00,0x00,
    0x00,0x00,0x00,0x00,0x00,0x00,0x00,0x00,0x00,0x00,0x00,0x00,0x00,0x00,0x00,0x00,
    0x00,0x00,0x00,0x00,0x00,0x00,0x00,0x00,0x00,0x00,0x00,0x00,0x00,0x00,0x00,0x00,
    0x30,0xB3,0xDD,0x04,0x13,0xD4,0xCC,0x04,0x23,0xC4,0xCC,0x4C,0x43,0xCC,0xCC,0xCC,
    0xC3,0xDC,0x7D,0xC7,0xC4,0x7D,0x66,0x87,0xD4,0x67,0x86,0xC8,0x74,0x66,0xD8,0xCC,
    0x00,0x00,0x00,0x00,0x00,0x40,0x04,0x00,0x00,0x14,0xBA,0x00,0x44,0x22,0xBA,0x00,
    0xDC,0x22,0x0B,0x00,0xCC,0x3C,0x00,0x00,0xDC,0x4D,0x00,0x00,0xDC,0x4D,0x00,0x00,
    0x00,0x00,0x00,0x00,0x00,0x00,0x00,0x00,0x00,0x00,0x00,0x00,0x00,0x00,0x00,0x00,
    0x00,0x00,0x00,0x00,0x00,0x00,0x00,0x00,0x00,0x00,0x00,0x00,0x00,0x00,0x00,0xBB,
    0x00,0xF0,0x86,0xF8,0x00,0x00,0x6F,0x66,0x00,0x00,0xF0,0x66,0x00,0x00,0xF0,0xBB,
    0x00,0xF0,0x4F,0xBB,0xF0,0xAF,0xAA,0xAA,0xAF,0xBA,0xAA,0xAA,0xAA,0xAA,0xAB,0xAA,
    0x88,0x56,0x55,0x76,0x66,0x66,0x76,0x88,0x66,0x76,0x88,0x88,0xBB,0xB4,0xBB,0xAB,
    0xBB,0xBA,0xBB,0xAB,0xAA,0xAA,0xBB,0xAA,0xAA,0xAA,0xBB,0xAA,0xAA,0xAA,0xBB,0xBB,
    0xF8,0x00,0x00,0x00,0x88,0xF8,0x08,0x00,0xAA,0x67,0x86,0x08,0xAA,0xBA,0xAB,0x4A,
    0xAA,0xBA,0xAA,0xAA,0xAA,0xAA,0xBA,0xAB,0xBA,0xAB,0xBB,0xAA,0xBB,0xBB,0xBB,0xBA,
    0x00,0x00,0x00,0x00,0x00,0x00,0x00,0x00,0x00,0x00,0x00,0x00,0x0B,0x00,0x00,0x00,
    0xB4,0x00,0x00,0x00,0xAA,0x84,0x00,0x00,0xAA,0x55,0x44,0x04,0xAA,0x85,0xAA,0x4A,
    0x00,0x00,0x00,0x00,0x00,0x00,0x00,0x00,0x00,0x00,0x00,0x00,0x00,0x00,0x00,0x00,
    0x00,0x00,0x00,0x00,0x00,0x00,0x00,0x00,0x00,0x00,0x00,0x00,0x44,0x04,0x00,0x00,
    0x70,0x86,0xDD,0xCD,0x00,0xD8,0xDD,0xDD,0x00,0x44,0xDD,0x8D,0x00,0x40,0xFD,0x56,
    0x00,0x00,0x8F,0x56,0x00,0x00,0x68,0xAB,0x00,0x00,0xBF,0xBB,0x00,0x00,0xBF,0x6B,
    0xDD,0x04,0x00,0x00,0x44,0x00,0x00,0x00,0xF8,0x00,0x00,0x00,0x55,0x08,0x00,0x00,
    0xAA,0x0F,0x00,0x00,0xAA,0x8A,0x00,0x00,0x55,0xF5,0x00,0x00,0xF6,0xFF,0x04,0x00,
    0x00,0x00,0xB0,0xAA,0x00,0x00,0xB0,0xAA,0x00,0x00,0xA8,0xAA,0x00,0x00,0xA8,0xAA,
    0x00,0x80,0xA5,0xBA,0x00,0x68,0xA5,0xAB,0x40,0x8A,0xA5,0xAA,0xA4,0xAA,0xB8,0xAA,
    0xAA,0xBB,0xBA,0xAB,0xAA,0xBA,0xBB,0xBB,0xAB,0xAA,0xAA,0xAA,0xAB,0xAA,0xAA,0xFA,
    0xAA,0xAA,0xAA,0xBF,0xAA,0xAB,0xAA,0xBF,0xAA,0xAB,0xFA,0xBB,0xFA,0xBF,0xFA,0xBB,
    0xAA,0xFA,0xBB,0xBB,0xFB,0xBA,0xAA,0xBA,0xAF,0xAA,0xAA,0xAA,0xAB,0xAA,0xAA,0xAA,
    0xBB,0xAA,0xAA,0xAA,0xBB,0xBA,0xAB,0xAA,0xBB,0xBA,0xBB,0xBA,0xBB,0xBA,0xAB,0xAB,
    0xBB,0xBB,0xBB,0xBA,0xBB,0xBB,0xAB,0xBB,0xBA,0xBB,0xAB,0xBB,0xAA,0xBA,0xBB,0xFF,
    0xAA,0xAA,0xBB,0x0F,0xAA,0xAA,0xBB,0x00,0xAA,0xBA,0x0A,0xFF,0xAB,0xBB,0xFA,0xDD,
    0xBB,0x85,0xAA,0xAA,0xBB,0xB8,0xAA,0xAA,0xBB,0xB8,0xBB,0xAB,0xBF,0xB8,0xBB,0xBB,
    0xF0,0x4F,0xB4,0xBB,0x00,0x00,0x4F,0xB4,0x04,0xF0,0xFF,0x44,0xFD,0xBF,0x88,0x44,
    0x1A,0x41,0x44,0x00,0x1A,0x11,0x21,0x04,0x1A,0x11,0x21,0x04,0x1B,0x11,0x22,0x42,
    0x2B,0x22,0x22,0x42,0x2B,0x32,0x23,0x42,0x24,0x22,0x33,0x04,0x44,0x34,0x43,0x00,
    0x00,0x00,0xF0,0x86,0x00,0x00,0xF0,0xF8,0x00,0x00,0x00,0x38,0x00,0x00,0x00,0x4F,
    0x00,0x00,0x00,0x00,0x00,0x00,0x00,0x00,0x00,0x00,0x00,0x00,0x00,0x00,0x00,0x00,
    0x2F,0x11,0x21,0x44,0x22,0x11,0x31,0xAA,0x23,0x12,0x13,0xAA,0x33,0x12,0x11,0xAA,
    0x34,0x22,0x11,0xBB,0x34,0x23,0x22,0xBB,0x40,0x33,0x33,0xBB,0x00,0x34,0x33,0xBB,
    0xAA,0xAA,0xBB,0xAA,0xAA,0xBA,0xBB,0xFA,0xAA,0xBB,0xBB,0x0F,0xBB,0xBB,0x4B,0x00,
    0xBB,0xBB,0x04,0x00,0xBB,0x4B,0x00,0x00,0xBB,0x4B,0x00,0x00,0xBB,0x04,0x00,0x00,
    0x0F,0xF0,0xBF,0xBB,0x00,0xF0,0xBF,0xBB,0x00,0xF0,0xBF,0xBB,0x00,0xF0,0xBA,0xBB,
    0x00,0xF0,0xBA,0xBB,0x00,0x00,0xBF,0xBB,0x00,0x00,0xAF,0xBB,0x00,0x00,0xAF,0xBA,
    0xBB,0xBA,0xBB,0xBB,0xBB,0xBA,0xBB,0xBB,0xBB,0xBA,0xBB,0xAB,0xBB,0xAA,0xBA,0xBA,
    0xBB,0x9A,0xA9,0xBB,0xBB,0x9A,0xA9,0xBB,0xBB,0x9A,0xBA,0xBB,0xBB,0xAA,0xBA,0xBB,
    0xBA,0xBB,0xFA,0xDD,0xBA,0xBB,0xFA,0xD4,0xBB,0xBB,0xFA,0x43,0xBB,0xBB,0xFA,0x43,
    0xBB,0xBB,0xAA,0xBB,0xBB,0xBB,0xFA,0x00,0xBB,0xBB,0x0F,0x00,0xBB,0xAB,0x0F,0x00,
    0xDD,0xBF,0x88,0x48,0xDD,0x8F,0xBB,0x88,0xDD,0xF8,0x8F,0xFF,0xBB,0xDD,0x44,0x84,
    0x44,0x44,0x84,0x08,0xBB,0x88,0x08,0x00,0x00,0x00,0x00,0x00,0x00,0x00,0x00,0x00,
    0x44,0x44,0x04,0x00,0xF7,0x08,0x00,0x00,0x00,0x00,0x00,0x00,0x00,0x00,0x00,0x00,
    0x00,0x00,0x00,0x00,0x00,0x00,0x00,0x00,0x00,0x00,0x00,0x00,0x00,0x00,0x00,0x00,
    0x00,0x00,0x00,0x00,0x00,0x00,0x00,0x00,0x00,0x00,0x00,0x00,0x00,0x00,0x00,0x00,
    0x00,0x00,0x00,0x00,0x00,0x00,0x00,0x00,0x00,0x00,0x00,0x00,0x00,0x00,0x00,0x00,
    0x00,0x00,0x00,0x00,0x00,0x00,0x00,0x00,0x00,0x00,0x00,0x00,0x00,0x00,0x00,0x00,
    0x00,0x00,0x00,0x00,0x00,0x00,0x00,0x00,0x00,0x00,0x00,0x00,0x00,0x00,0x00,0x00,
    0x00,0x00,0x00,0x00,0x00,0x00,0x00,0x00,0x00,0x00,0x00,0x00,0x00,0x00,0x00,0x00,
    0x00,0x00,0x00,0x00,0x00,0x00,0x00,0x00,0x00,0x00,0x00,0x00,0x00,0x00,0x00,0x00,
    0x00,0x00,0x00,0x00,0x00,0x00,0x00,0x00,0x00,0x00,0x00,0x00,0x00,0x00,0x00,0x00,
    0x00,0x00,0x00,0x00,0x00,0x00,0x00,0x00,0x00,0x00,0x00,0x00,0x00,0x00,0x00,0x00,
    0x00,0x00,0x00,0x00,0x00,0x00,0x00,0x00,0x00,0x00,0x00,0x00,0x00,0x00,0x00,0x00,
    0x00,0x00,0x00,0x00,0x00,0x00,0x00,0x00,0x00,0x00,0x00,0x00,0x00,0x00,0x00,0x00,
    0x00,0x00,0x00,0x00,0x00,0x00,0x00,0x00,0x00,0x00,0x00,0x00,0x00,0x00,0x00,0x00,
    0x00,0x00,0x00,0x00,0x00,0x00,0x00,0x00,0x00,0x00,0x00,0x00,0x00,0x00,0x00,0x00,
    0x00,0x00,0x00,0x00,0x00,0x00,0x00,0x00,0x00,0x00,0x00,0x00,0x00,0x00,0x00,0x00,
    0x00,0x00,0x00,0x00,0x00,0x00,0x00,0x00,0x00,0x00,0x00,0x00,0x00,0x00,0x00,0x00,
    0x00,0x00,0x00,0x00,0x00,0x00,0x00,0x00,0x00,0x00,0x00,0x00,0x00,0x00,0x00,0x00,
    0x00,0x00,0x00,0x00,0x00,0x00,0x00,0x00,0x00,0x00,0x00,0x00,0x00,0x00,0x00,0x00,
    0x00,0x00,0x00,0x00,0x00,0x00,0x00,0x00,0x00,0x00,0x00,0x00,0x00,0x00,0x00,0x00,
    0x00,0x00,0x00,0x00,0x00,0x00,0x00,0x00,0x00,0x00,0x00,0x00,0x00,0x00,0x00,0x00,
    0x00,0x00,0x00,0x00,0x00,0x00,0x00,0x00,0x00,0x00,0x00,0x00,0x00,0x00,0x00,0x00,
    0x00,0x00,0x00,0x00,0x00,0x00,0x00,0x00,0x00,0x00,0x00,0x00,0x00,0x00,0x00,0x00,
    0x00,0x00,0x00,0x00,0x00,0x00,0x00,0x00,0x00,0x00,0x00,0x00,0x00,0x00,0x00,0x00,
    0x00,0x00,0x00,0x00,0x00,0x00,0x00,0x00,0x00,0x00,0x00,0x00,0x00,0x00,0x00,0x00,
    0x00,0x00,0x00,0x00,0x00,0x00,0x00,0x00,0x00,0x00,0x00,0x00,0x00,0x00,0x00,0x00,
    0x00,0x00,0x00,0x00,0x00,0x00,0x00,0x00,0x00,0x00,0x00,0x00,0x00,0x00,0x00,0x00,
    0x00,0x00,0x00,0x00,0x00,0x00,0x00,0x00,0x00,0x00,0x00,0x00,0x00,0x00,0x00,0x00,
    0x00,0x00,0x00,0x00,0x00,0x00,0x00,0x00,0x00,0x55,0x05,0x00,0x55,0xEE,0x5E,0x55,
    0x00,0x00,0x00,0x00,0x00,0x00,0x00,0x00,0x00,0x00,0x00,0x00,0x00,0x00,0x00,0x00,
    0x00,0x00,0x00,0x00,0x00,0x00,0x00,0x00,0x00,0x00,0x00,0x00,0x00,0x00,0x00,0x00,
    0x00,0x00,0x00,0x00,0x00,0x00,0x00,0x00,0x00,0x00,0x00,0x00,0x00,0x00,0x00,0x00,
    0x00,0x00,0x00,0x00,0x00,0x00,0x00,0x00,0x00,0x00,0x00,0x00,0x00,0x00,0x00,0x00,
    0x00,0x00,0x00,0x00,0x00,0x00,0x00,0x00,0x00,0x00,0x00,0x00,0x00,0x00,0x00,0x00,
    0x00,0x00,0x00,0x00,0x00,0x00,0x00,0x00,0x00,0x00,0x00,0x00,0x00,0x00,0x00,0x00,
    0x00,0x00,0x00,0x00,0x00,0x00,0x00,0x00,0x00,0x00,0x00,0x00,0x00,0x00,0x00,0x00,
    0x00,0x00,0x00,0x00,0x00,0x00,0x00,0x00,0x00,0x00,0x00,0x00,0x00,0x00,0x00,0x00,
    0x00,0x00,0x00,0x00,0x00,0x00,0x00,0x00,0x00,0x00,0x00,0x00,0x00,0x00,0x00,0x00,
    0x00,0x00,0x00,0x00,0x00,0x00,0x00,0x00,0x00,0x00,0x00,0x00,0x00,0x00,0x00,0x00,
    0x00,0x00,0x00,0x00,0x00,0x00,0x55,0x55,0x00,0x00,0xE6,0x9E,0x00,0x00,0x95,0xEE,
    0x00,0x00,0x50,0xE9,0x00,0x00,0x60,0x99,0x00,0x00,0x60,0xE5,0x00,0x00,0x60,0xEE,
    0x00,0x00,0x00,0x55,0x00,0x00,0x55,0xEE,0x55,0x55,0xEE,0xEE,0xEE,0xE5,0xEE,0xEE,
    0x9E,0xEE,0xEE,0xEE,0xEE,0xEE,0xEE,0xEE,0xEE,0xE9,0xE9,0xEE,0x9E,0x9E,0xEE,0xEE,
    0xEE,0xEE,0xEE,0x7E,0xEE,0xEE,0xEE,0xEE,0xEE,0xEE,0xEE,0xEE,0xEE,0xEE,0x99,0x99,
    0xEE,0x9E,0x99,0x99,0xEE,0x9E,0x99,0x99,0xEE,0x99,0x99,0x99,0xEE,0x99,0x99,0x99,
    0x77,0x08,0x00,0x00,0x59,0x7B,0x08,0x00,0x9E,0x79,0x77,0x00,0x99,0x99,0xA7,0x08,
    0x99,0x59,0xA7,0x08,0x99,0x79,0xBB,0x8A,0x99,0xB7,0xBB,0x8A,0x75,0xBB,0xBB,0xAB,
    0x00,0x00,0x00,0x00,0x00,0x00,0x00,0x00,0x00,0x00,0x00,0x00,0x00,0x00,0x00,0x00,
    0x00,0x00,0x00,0x00,0x00,0x00,0x00,0x00,0x00,0x00,0x00,0x00,0x08,0x00,0x00,0x00,
    0x00,0x00,0x00,0x00,0x00,0x00,0x00,0x00,0x00,0x00,0x00,0x00,0x00,0x00,0x00,0x00,
    0x00,0x00,0x00,0x00,0x00,0x00,0x00,0x00,0x00,0x00,0x00,0x00,0x00,0x00,0x00,0x00,
    0x00,0x00,0x00,0x00,0x00,0x00,0x30,0x04,0x00,0x00,0x13,0x42,0x00,0x30,0x21,0x42,
    0x00,0x30,0x22,0xDD,0x00,0x00,0xD4,0xCC,0x00,0x40,0xC4,0xCC,0x00,0x40,0xDC,0xCC,
    0x00,0x00,0x00,0x00,0x00,0x00,0x00,0x00,0x00,0x00,0x34,0x03,0x00,0x00,0x14,0x32,
    0x04,0x00,0x24,0x32,0x4C,0x44,0x22,0x63,0xCC,0xCC,0xCC,0x03,0x77,0xCC,0xDD,0x04,
    0x00,0x00,0xE6,0x9E,0x00,0x60,0x99,0x99,0x00,0x96,0x99,0x99,0x60,0x99,0x99,0x99,
    0x96,0x99,0x99,0x99,0x99,0x99,0x66,0x99,0x66,0x06,0x00,0x96,0x00,0x00,0x00,0x96,
    0x99,0xE9,0xE9,0xEE,0x99,0x99,0x99,0xEE,0x99,0x99,0x99,0xE9,0x99,0x99,0x99,0xE8,
    0x99,0x99,0x69,0x98,0x99,0x99,0x69,0x88,0x99,0x99,0xF6,0xFF,0x99,0x99,0xF6,0xFF,
    0x9E,0x99,0x99,0xFF,0x9E,0x99,0xFF,0xBB,0x99,0xF9,0xBB,0xBB,0x99,0x89,0xBB,0xBB,
    0x99,0x89,0xBB,0xBB,0x99,0x89,0xBB,0xBB,0x99,0x58,0xBB,0xBB,0x98,0x68,0xB5,0xBB,
    0xBB,0xBB,0xBB,0xAB,0xBB,0xBB,0xBB,0xBB,0xBB,0xBB,0xBB,0x88,0xBB,0xBB,0xBB,0x42,
    0xBB,0xBB,0x88,0x34,0xBB,0x8B,0x22,0x47,0x8B,0x28,0xE2,0x2F,0x8F,0x22,0xE2,0x27,
    0x08,0x00,0x00,0x00,0x08,0x00,0x00,0x00,0x00,0x00,0x00,0x00,0x00,0x00,0x00,0x00,
    0x00,0x00,0x00,0x00,0x00,0x00,0x00,0x00,0x00,0x00,0x00,0x00,0x00,0x00,0x00,0x00,
    0x00,0x00,0x00,0x00,0x00,0x00,0x00,0x00,0x00,0x00,0x00,0x00,0x00,0x00,0x00,0x00,
    0x00,0x00,0x00,0x00,0x00,0x00,0x00,0x00,0x00,0x00,0x00,0x00,0x00,0x00,0x00,0x00,
    0x00,0x40,0xCC,0x7D,0x00,0x00,0xC4,0x67,0x00,0x00,0xC3,0x6D,0x00,0x00,0xC4,0x67,
    0x00,0x00,0xD0,0x67,0x00,0x00,0x00,0x40,0x00,0x00,0x00,0x00,0x00,0x00,0x00,0x00,
    0x77,0xC8,0xDD,0x4D,0x86,0xC8,0xDC,0x4D,0x86,0xCD,0x4D,0x84,0x86,0xDD,0x7D,0x55,
    0x86,0xDD,0x78,0xA7,0x44,0x44,0x78,0xAA,0x00,0xF0,0xB7,0x7B,0x00,0xF0,0xB7,0x77,
    0x00,0x00,0x00,0x60,0x00,0x00,0x00,0x60,0x07,0x00,0x00,0x00,0x75,0x00,0x00,0x00,
    0x8A,0x00,0x00,0x00,0xAA,0x07,0x00,0x00,0x55,0x07,0x00,0x00,0xFF,0x08,0x00,0x00,
    0x99,0x69,0xFF,0xFF,0x99,0x69,0xFF,0xFF,0x96,0xF6,0xFF,0xFF,0x96,0xF6,0xFF,0xFF,
    0x60,0x00,0xFF,0xFF,0x00,0x00,0x80,0xFF,0x00,0x00,0x00,0xFF,0x00,0x00,0x00,0xF0,
    0x9F,0x88,0x66,0xFF,0xFF,0xF8,0xF6,0x28,0x8F,0x8F,0x88,0x24,0xF8,0xF8,0x88,0x43,
    0x8F,0x8F,0x88,0x43,0x88,0x88,0x38,0x33,0x8F,0x88,0x38,0x33,0xFF,0xFF,0xFF,0x88,
    0x83,0x21,0xE2,0x25,0x13,0x11,0x11,0x1E,0x13,0x11,0x11,0x11,0x13,0x11,0x11,0x11,
    0x32,0x11,0x11,0x11,0x44,0x12,0x11,0x32,0x23,0x12,0x11,0x41,0x33,0x33,0x11,0x02,
    0x04,0x00,0x00,0x00,0x04,0x00,0x00,0x00,0x41,0x00,0x00,0x00,0x02,0x00,0x00,0x00,
    0x04,0x00,0x00,0x00,0x00,0x00,0x00,0x00,0x00,0x00,0x00,0x00,0x00,0x00,0x00,0x00,
    0x00,0x00,0x00,0x00,0x00,0x00,0x00,0x00,0x00,0x00,0x00,0x00,0x00,0x00,0x00,0x00,
    0x00,0x00,0x00,0x00,0x00,0x00,0x00,0x00,0x00,0x00,0x00,0x00,0x00,0x00,0x00,0x00,
    0x00,0x00,0x00,0x00,0x00,0x00,0x00,0x00,0x00,0x00,0x00,0x00,0x00,0x00,0x00,0x00,
    0x00,0x00,0x00,0x00,0x00,0x00,0x00,0x00,0x00,0x00,0x00,0x00,0x00,0x00,0x00,0x00,
    0x00,0x00,0x7F,0xFF,0x00,0x00,0xFF,0x23,0x00,0x00,0xF0,0x23,0x00,0x00,0xF0,0x23,
    0x00,0x00,0x00,0x34,0x00,0x00,0x00,0x34,0x00,0x00,0x00,0x34,0x00,0x00,0x00,0x34,
    0x11,0x04,0x00,0x00,0x11,0x41,0x00,0x00,0x11,0x41,0x00,0x00,0x12,0x21,0x04,0x00,
    0x12,0x11,0x44,0x44,0x22,0x31,0xAA,0xBB,0x23,0x11,0xBB,0xBB,0x23,0x22,0xBB,0xBB,
    0x00,0x00,0x00,0x00,0x00,0x00,0x00,0x00,0x00,0x00,0x00,0x88,0x40,0xFF,0xBF,0xBB,
    0xBB,0xBB,0xBB,0xBB,0xBB,0xBB,0xBB,0xBB,0xBB,0xBF,0xBB,0xBB,0xBB,0xBF,0xBB,0xBB,
    0x8F,0x88,0x66,0x65,0xF0,0x88,0x67,0x66,0xFF,0xFF,0x88,0x67,0xBB,0xBB,0xBB,0xBB,
    0xBB,0xAB,0xBB,0xB4,0xBB,0xAA,0xBA,0xBB,0xBB,0xAA,0xAA,0xBB,0xBB,0xFB,0xBF,0xAA,
    0xFF,0xFF,0xFF,0x00,0x56,0x55,0xF5,0x00,0x66,0x66,0xF6,0x00,0xBA,0xBB,0x0F,0x00,
    0xAB,0xAA,0x0F,0x00,0xB4,0xFB,0x00,0x00,0xBB,0xBB,0x0F,0x00,0xBB,0xBB,0x0F,0x00,
    0x00,0x00,0x00,0x00,0x00,0x00,0x00,0x00,0x00,0x00,0x00,0x00,0x00,0x00,0x00,0x00,
    0x00,0x00,0x00,0x00,0x00,0x00,0x00,0x00,0x00,0x00,0x00,0x00,0x00,0x00,0x00,0x00,
    0x00,0x00,0x00,0x00,0x00,0x00,0x00,0x00,0x00,0x00,0x00,0x00,0x00,0x00,0x00,0x00,
    0x00,0x00,0x00,0x00,0x00,0x00,0x00,0x00,0x00,0x00,0x00,0x00,0x00,0x00,0x00,0x00,
    0x00,0x00,0x00,0x00,0x00,0x00,0x00,0x00,0x00,0x00,0x00,0x00,0x00,0x00,0x00,0x00,
    0x00,0x00,0x00,0x00,0x00,0x00,0x00,0x00,0x00,0x00,0x00,0x00,0x00,0x00,0x00,0x00,
    0x00,0x00,0x00,0x40,0x00,0x00,0x00,0x40,0x00,0x00,0x00,0x00,0x00,0x00,0x00,0x00,
    0x00,0x00,0x00,0x00,0x00,0x00,0x00,0x00,0x00,0x00,0x00,0x00,0x00,0x00,0x00,0x00,
    0x33,0x33,0xBB,0xBB,0x33,0x33,0xBB,0xBB,0x34,0x33,0xBB,0x4B,0x40,0x44,0x44,0x04,
    0x00,0x00,0x00,0x00,0x00,0x00,0x00,0x00,0x00,0x00,0x00,0xA0,0x00,0x00,0x00,0xBA,
    0xBB,0xBB,0xBB,0xBB,0xBB,0xFB,0xBB,0xFB,0x44,0xFF,0xFF,0xBF,0x00,0xA0,0xFA,0xBB,
    0xA0,0xAA,0xAA,0xAA,0xAA,0xAA,0xAA,0xAA,0xAB,0xAA,0xAA,0xAA,0xAB,0xAA,0xAA,0xAA,
    0xFB,0xAF,0xAA,0xAA,0xBF,0xAA,0xAA,0xAA,0xBB,0xAB,0xAA,0xBB,0xBB,0xBB,0xBA,0xAB,
    0xBB,0xAB,0xBB,0xAB,0xAA,0xBB,0xFB,0xAB,0xBA,0xAA,0xFB,0xBB,0xBB,0xBB,0xFB,0xBB,
    0xBA,0xBB,0xFB,0x00,0xBB,0xAA,0xFB,0x00,0xAA,0xAA,0xBA,0x0F,0xAA,0xAA,0xBA,0x0F,
    0xAA,0xAA,0xBA,0x0F,0xAA,0xAA,0xBA,0x0F,0xAA,0xAA,0xBA,0x0F,0xAB,0xAA,0xFB,0x00,
    0x00,0x00,0x00,0x00,0x00,0x00,0x00,0x00,0x00,0x00,0x00,0x00,0x00,0x00,0x00,0x00,
    0x00,0x00,0x00,0x00,0x00,0x00,0x00,0x00,0x00,0x00,0x00,0x00,0x00,0x00,0x00,0x00,
    0x00,0x00,0x00,0x00,0x00,0x00,0x00,0x00,0x00,0x00,0x00,0x00,0x00,0x00,0x00,0x00,
    0x00,0x00,0x00,0x00,0x00,0x00,0x00,0x00,0x00,0x00,0x00,0x00,0x00,0x00,0x00,0x00,
    0x00,0x00,0x00,0x00,0x00,0x00,0x00,0x00,0x00,0x00,0x00,0x00,0x00,0x00,0x00,0x00,
    0x00,0x00,0x00,0x00,0x00,0x00,0x00,0x00,0x00,0x00,0x00,0x00,0x00,0x00,0x00,0x00,
    0x00,0x00,0x00,0x00,0x00,0x00,0x00,0x00,0x00,0x00,0x00,0x00,0x00,0x00,0x00,0x00,
    0x00,0x00,0x00,0x00,0x00,0x00,0x00,0x00,0x00,0x00,0x00,0x00,0x00,0x00,0x00,0x00,
    0x00,0x00,0x00,0xBA,0x00,0x00,0xA0,0xBB,0x00,0x00,0xA0,0xBB,0x00,0x00,0xA0,0xBB,
    0x00,0x00,0xB8,0xAA,0x00,0x00,0xA8,0x99,0x00,0x00,0xA8,0xA9,0x00,0x00,0xA8,0xAA,
    0xBB,0xAA,0xAA,0xBB,0xBB,0xBB,0xBB,0xBB,0xBB,0xBB,0xBB,0xAA,0xBB,0xBB,0xAB,0xBB,
    0xBB,0xAB,0xBA,0xBB,0xAA,0xAA,0xBB,0xBB,0xBA,0xBA,0xBB,0xBB,0xBB,0xBA,0xBB,0xBB,
    0xBB,0xBB,0xFF,0xBB,0xAA,0xBB,0xBF,0xFF,0xBB,0xBB,0xBF,0xAA,0xBB,0xFB,0xAB,0xAA,
    0xBB,0xFB,0xAA,0xBB,0xBB,0xBF,0xAB,0xAA,0xFB,0xBB,0xBB,0xAB,0xFB,0xBB,0xBB,0xBB,
    0xBB,0xBB,0xFB,0x00,0xFF,0xBB,0x0F,0x00,0x1A,0xFF,0x0F,0x00,0x1A,0x41,0x00,0x00,
    0x3B,0x31,0x00,0x00,0x1A,0x43,0x04,0x00,0x1A,0x11,0x41,0x44,0x2B,0x11,0x11,0x11,
    0x00,0x00,0x00,0x00,0x00,0x00,0x00,0x00,0x00,0x00,0x00,0x00,0x00,0x00,0x00,0x00,
    0x00,0x00,0x00,0x00,0x00,0x00,0x00,0x00,0x00,0x00,0x00,0x00,0x44,0x00,0x00,0x00,
    0x00,0x00,0x00,0x00,0x00,0x00,0x00,0x00,0x00,0x00,0x00,0x00,0x00,0x00,0x00,0x00,
    0x00,0x00,0x00,0x00,0x00,0x00,0x00,0x00,0x00,0x00,0x00,0x00,0x00,0x00,0x00,0x00,
    0x00,0x00,0x00,0x00,0x00,0x00,0x00,0x00,0x00,0x00,0x00,0x00,0x00,0x00,0x00,0x00,
    0x00,0x00,0x00,0x00,0x00,0x00,0x00,0x00,0x00,0x00,0x00,0x00,0x00,0x00,0x00,0x00,
    0x00,0x00,0x00,0x00,0x00,0x00,0x00,0x00,0x00,0x00,0x00,0x00,0x00,0x00,0x00,0x00,
    0x00,0x00,0x00,0x00,0x00,0x00,0x00,0x00,0x00,0x00,0x00,0x00,0x00,0x00,0x00,0x00,
    0x00,0x00,0x00,0x00,0x00,0x00,0x00,0x00,0x00,0x00,0x00,0x00,0x00,0x00,0x00,0x00,
    0x00,0x00,0x00,0x00,0x00,0x00,0x00,0x00,0x00,0x00,0x00,0x00,0x00,0x00,0x00,0x00,
    0x00,0x00,0x00,0x00,0x00,0x00,0x00,0x00,0x00,0x00,0x00,0x00,0x00,0x00,0x00,0x00,
    0x00,0x00,0x00,0x00,0x00,0x00,0x00,0x00,0x00,0x00,0x00,0x00,0x00,0x00,0x00,0x00,
    0x00,0x00,0x00,0x00,0x00,0x00,0x00,0x00,0x00,0x00,0x00,0x00,0x00,0x00,0x00,0x00,
    0x00,0x00,0x00,0x00,0x00,0x00,0x00,0x00,0x00,0x00,0x00,0x00,0x00,0x00,0x00,0x00,
    0x00,0x00,0x00,0x00,0x00,0x00,0x00,0x00,0x00,0x00,0x00,0x00,0x00,0x00,0x00,0x00,
    0x00,0x00,0x00,0x00,0x00,0x00,0x00,0x00,0x00,0x00,0x00,0x00,0x00,0x00,0x00,0x00,
    0x00,0x00,0x00,0x00,0x00,0x00,0x00,0x00,0x00,0x00,0x00,0x00,0x00,0x00,0x00,0x00,
    0x00,0x00,0x00,0x00,0x00,0x00,0x00,0x00,0x00,0x00,0x00,0x00,0x00,0x00,0x00,0x00,
    0x00,0x00,0x00,0x00,0x00,0x00,0x00,0x00,0x00,0x00,0x00,0x00,0x00,0x00,0x00,0x00,
    0x00,0x00,0x00,0x00,0x00,0x00,0x00,0x00,0x00,0x00,0x00,0x00,0x00,0x00,0x00,0x00,
    0x00,0x00,0x00,0x00,0x00,0x00,0x00,0x00,0x00,0x00,0x00,0x00,0x00,0x00,0x00,0x00,
    0x00,0x00,0x00,0x00,0x00,0x00,0x00,0x00,0x00,0x00,0x00,0x00,0x00,0x00,0x00,0x00,
    0x00,0x00,0x00,0x00,0x00,0x00,0x00,0x00,0x00,0x00,0x00,0x00,0x00,0x00,0x00,0x00,
    0x00,0x00,0x00,0x00,0x00,0x00,0x00,0x00,0x00,0x00,0x00,0x00,0x00,0x00,0x00,0x00,
    0x00,0x00,0x00,0x00,0x00,0x00,0x00,0x00,0x00,0x00,0x00,0x00,0x00,0x00,0x00,0x00,
    0x00,0x00,0x00,0x00,0x00,0x00,0x00,0x00,0x00,0x00,0x00,0x00,0x00,0x00,0x00,0x50,
    0x00,0x00,0x00,0x00,0x00,0x00,0x00,0x00,0x00,0x00,0x00,0x00,0x00,0x00,0x00,0x00,
    0x00,0x00,0x00,0x00,0x00,0x00,0x00,0x00,0x00,0x00,0x00,0x00,0x55,0x00,0x00,0x00,
    0x00,0x00,0x00,0x00,0x00,0x00,0x00,0x00,0x00,0x00,0x00,0x00,0x00,0x00,0x00,0x00,
    0x00,0x00,0x00,0x00,0x00,0x00,0x00,0x00,0x00,0x00,0x00,0x00,0x00,0x00,0x00,0x00,
    0x00,0x00,0x00,0x00,0x00,0x00,0x00,0x00,0x00,0x00,0x00,0x00,0x00,0x00,0x00,0x00,
    0x00,0x00,0x00,0x00,0x00,0x00,0x00,0x00,0x00,0x00,0x00,0x00,0x00,0x00,0x00,0x00,
    0x00,0x00,0x00,0x00,0x00,0x00,0x00,0x00,0x00,0x00,0x00,0x00,0x00,0x00,0x00,0x00,
    0x00,0x00,0x00,0x00,0x00,0x00,0x00,0x00,0x00,0x00,0x00,0x00,0x00,0x00,0x00,0x00,
    0x00,0x00,0x00,0x00,0x00,0x00,0x00,0x00,0x00,0x00,0x00,0x00,0x00,0x00,0x00,0x00,
    0x00,0x00,0x00,0x00,0x00,0x00,0x00,0x00,0x00,0x00,0x00,0x00,0x00,0x00,0x00,0x00,
    0x00,0x00,0x00,0x00,0x00,0x00,0x00,0x00,0x00,0x00,0x00,0x00,0x00,0x00,0x00,0x00,
    0x00,0x00,0x00,0x00,0x00,0x00,0x00,0x00,0x00,0x00,0x00,0x00,0x00,0x00,0x00,0x00,
    0x00,0x00,0x00,0x00,0x00,0x00,0x00,0x00,0x50,0x55,0x05,0x00,0x60,0xEE,0x59,0x55,
    0x50,0xE9,0xEE,0x5E,0x00,0x95,0xEE,0xE9,0x00,0x96,0xE9,0xEE,0x00,0x56,0xEE,0x9E,
    0x00,0x00,0x50,0xE5,0x00,0x50,0xE5,0xEE,0x50,0xE5,0xEE,0xEE,0xE5,0xEE,0xEE,0xEE,
    0xEE,0xEE,0xEE,0xEE,0xEE,0xEE,0xEE,0xEE,0xEE,0xEE,0xEE,0xEE,0x9E,0xEE,0xEE,0x9E,
    0xEE,0x55,0x05,0x00,0xEE,0xEE,0x77,0x87,0xEE,0xEE,0x9E,0xB5,0xEE,0xEE,0xEE,0x99,
    0x9E,0x99,0x99,0x99,0x99,0x99,0x99,0x99,0x99,0x99,0x99,0x99,0x99,0x99,0x99,0x79,
    0x00,0x00,0x00,0x00,0x00,0x00,0x00,0x00,0x8B,0x00,0x00,0x00,0xB7,0x0B,0x00,0x00,
    0x79,0x8A,0x00,0x00,0xB5,0x8A,0x00,0x00,0xB7,0xAB,0x08,0x00,0xBB,0xAB,0x08,0x00,
    0x00,0x00,0x00,0x00,0x00,0x00,0x00,0x00,0x00,0x00,0x00,0x00,0x00,0x00,0x00,0x00,
    0x00,0x00,0x00,0x00,0x00,0x00,0x00,0x00,0x00,0x00,0x00,0x00,0x00,0x00,0x00,0x00,
    0x00,0x00,0x00,0x00,0x00,0x00,0x00,0x00,0x00,0x00,0x00,0x00,0x00,0x00,0x00,0x00,
    0x00,0x00,0x00,0x00,0x00,0x00,0x00,0x00,0x00,0x00,0x00,0x00,0x00,0x00,0x00,0x44,
    0x00,0x00,0x00,0x00,0x00,0x00,0x00,0x00,0x00,0x00,0x00,0x00,0x00,0x00,0x00,0x00,
    0x00,0x00,0x00,0x00,0x00,0x00,0x00,0x00,0x00,0x00,0x00,0x00,0x04,0x00,0x00,0x00,
    0x00,0x00,0x00,0x00,0x00,0x00,0x00,0x00,0x00,0x00,0x00,0x00,0x00,0x00,0x00,0x60,
    0x00,0x00,0x00,0x96,0x00,0x00,0x60,0x99,0x00,0x00,0x96,0x99,0x00,0x00,0x60,0x66,
    0x00,0xE6,0xEE,0xE9,0x60,0xEE,0x99,0x99,0x96,0x99,0x99,0x99,0x99,0x99,0x99,0x99,
    0x99,0x99,0x99,0x99,0x99,0x99,0x99,0x99,0x69,0x96,0x99,0x99,0x00,0x60,0x99,0x99,
    0xE9,0xEE,0xEE,0x9E,0x9E,0xEE,0xEE,0x99,0x99,0xE9,0xEE,0x99,0x99,0x99,0x9E,0x99,
    0x99,0x89,0x9E,0x99,0x99,0x86,0x99,0x99,0x99,0x86,0x98,0x99,0x69,0xFF,0x9F,0x89,
    0x99,0x99,0x59,0xB7,0x99,0xF9,0xBF,0xBB,0xF9,0xBF,0xBB,0xBB,0xBF,0xBB,0xBB,0xBB,
    0xB8,0xBB,0xBB,0xBB,0xB8,0xBB,0xBB,0xBB,0xB8,0xBB,0xBB,0xBB,0xB5,0xBB,0xBB,0x88,
    0xBB,0xBB,0x8A,0x00,0xBB,0xBB,0x8A,0x00,0xBB,0xBB,0x8B,0x00,0xBB,0x8B,0xF8,0x00,
    0xBB,0x2B,0x04,0x00,0x8B,0x48,0x03,0x00,0x28,0x72,0x04,0x40,0x22,0xFE,0x02,0x14,
    0x00,0x00,0x00,0x00,0x00,0x00,0x00,0x00,0x00,0x00,0x00,0xFF,0x00,0x00,0xFF,0x55,
    0x00,0xF0,0xAA,0x5A,0x40,0x58,0xA5,0xAA,0x14,0x81,0x55,0xAA,0x11,0x11,0x58,0xA5,
    0x00,0x00,0x77,0x4C,0x00,0x84,0x66,0xC7,0x40,0xC4,0x68,0x76,0xDF,0xCC,0x8C,0x66,
    0xF6,0xDD,0xDD,0x68,0xF5,0xDD,0xDD,0x78,0x65,0xDF,0xDD,0x8D,0x7A,0xD7,0xDD,0xDD,
    0x33,0x33,0x00,0x00,0x4C,0x12,0x03,0x00,0xDD,0x44,0x03,0x00,0xC8,0xDC,0x32,0x03,
    0xC8,0xCC,0x1D,0x31,0xD7,0xDD,0x1D,0x31,0xD7,0x4D,0x44,0x4D,0xDD,0x04,0x00,0x00,
    0x00,0x00,0x00,0x00,0x00,0x00,0x00,0x00,0x00,0x00,0x00,0x00,0x00,0x00,0x00,0x00,
    0x00,0x00,0x00,0x00,0x00,0x00,0x00,0x00,0x00,0x00,0x00,0x00,0x00,0x00,0x00,0x00,
    0x00,0x60,0x99,0x99,0x00,0x00,0x96,0x99,0x00,0x00,0x96,0x99,0x00,0x00,0x60,0x69,
    0x00,0x00,0x60,0x69,0x00,0x00,0x00,0x06,0x00,0x00,0x00,0x00,0x00,0x00,0x00,0x00,
    0x69,0xFF,0x8F,0x89,0xF6,0xFF,0xFF,0x89,0xF6,0xFF,0xFF,0x8F,0xFF,0xFF,0xFF,0xF8,
    0xFF,0xFF,0x8F,0x8F,0xF0,0xFF,0xFF,0xF8,0x00,0xF8,0x8F,0x88,0x00,0xF0,0xFF,0x88,
    0x56,0xBB,0xFB,0x28,0x68,0xF6,0x3F,0x18,0x6F,0x8F,0x32,0x11,0x88,0x48,0x32,0x11,
    0x8F,0x38,0x34,0x11,0x88,0x38,0x24,0x13,0x88,0x33,0x43,0x24,0x88,0x33,0x33,0x22,
    0x22,0x7E,0xF2,0x11,0x22,0x5E,0x42,0x11,0x11,0xE1,0x41,0x22,0x11,0x11,0x11,0x34,
    0x11,0x11,0x21,0x33,0x11,0x11,0x41,0x33,0x11,0x21,0x43,0x33,0x11,0x11,0x34,0x33,
    0x11,0x11,0x82,0xB6,0x11,0x32,0x83,0x67,0x32,0x33,0x33,0x78,0x33,0x33,0x43,0xFF,
    0x33,0x33,0x04,0x00,0x33,0x43,0x00,0x00,0x43,0x04,0x00,0x00,0x04,0x00,0x00,0x00,
    0x7B,0xDF,0xDD,0xDC,0x7B,0x4F,0xDD,0x2C,0xFF,0x00,0x44,0x23,0x00,0x00,0x00,0x30,
    0x00,0x00,0x00,0x00,0x00,0x00,0x00,0x00,0x00,0x00,0x00,0x00,0x00,0x00,0x00,0x00,
    0x04,0x00,0x00,0x00,0x04,0x00,0x00,0x00,0x42,0x00,0x00,0x00,0x12,0x04,0x00,0x00,
    0x11,0x04,0x00,0x00,0x33,0x00,0x00,0x00,0x00,0x00,0x00,0x00,0x00,0x00,0x00,0x00,
    0x00,0x00,0x00,0x00,0x00,0x00,0x00,0x00,0x00,0x00,0x00,0x00,0x00,0x00,0x00,0x00,
    0x00,0x00,0x00,0x00,0x00,0x00,0x00,0x00,0x00,0x00,0x00,0x00,0x00,0x00,0x00,0x00,
    0x00,0x00,0x00,0x00,0x00,0x00,0x00,0x00,0x00,0x00,0x00,0x00,0x00,0x00,0x00,0x00,
    0x00,0x00,0x00,0xFF,0x00,0x00,0x80,0xBB,0x00,0x00,0xB8,0xFB,0x00,0x80,0xFB,0xCF,
    0x00,0x00,0xFF,0x8F,0x00,0x00,0x7F,0xF7,0x00,0x00,0x7F,0x67,0x88,0x88,0x78,0x67,
    0xBB,0x88,0x7F,0x77,0x88,0xAA,0x8A,0x88,0xAA,0xAA,0xAA,0xDB,0x6F,0xAA,0xAA,0xBB,
    0xF8,0x33,0x33,0x23,0xFF,0x34,0x33,0x43,0x56,0x88,0x48,0xF4,0x66,0x56,0x85,0x8F,
    0x66,0x66,0x56,0xF5,0x77,0x66,0x66,0xF6,0xAB,0xAA,0xBB,0xBF,0xBB,0xAA,0xFA,0xFB,
    0x12,0x41,0x33,0x44,0x44,0x34,0x43,0x00,0xFF,0x33,0x04,0x00,0x88,0xFF,0x00,0x00,
    0x88,0x0F,0x00,0x00,0xF8,0x00,0x00,0x00,0x0F,0x00,0x00,0x00,0x00,0x00,0x00,0x00,
    0x00,0x00,0x00,0x00,0x00,0x00,0x00,0x00,0x00,0x00,0x00,0x00,0x00,0x00,0x00,0x00,
    0x00,0x00,0x00,0x00,0x00,0x00,0x00,0x00,0x00,0x00,0x00,0x00,0x00,0x00,0x00,0x00,
    0x00,0x00,0x00,0x00,0x00,0x00,0x00,0x00,0x00,0x00,0x00,0x00,0x00,0x00,0x00,0x00,
    0x00,0x00,0x00,0x00,0x00,0x00,0x00,0x00,0x00,0x00,0x00,0x00,0x00,0x00,0x00,0x00,
    0x00,0x00,0x00,0x00,0x00,0x00,0x00,0x00,0x00,0x00,0x00,0x00,0x00,0x00,0x00,0x00,
    0x00,0x00,0x00,0x00,0x00,0x00,0x00,0x00,0x00,0x00,0x00,0x00,0x00,0x00,0x00,0x00,
    0x00,0x00,0x00,0x00,0x00,0x00,0x00,0x00,0x00,0x00,0x00,0x00,0x00,0x00,0x00,0x00,
    0x00,0x00,0x00,0x80,0x00,0x00,0x00,0x88,0x00,0x00,0x80,0xAA,0x00,0x00,0x14,0xAA,
    0x00,0xB8,0x5F,0x55,0x40,0x4F,0x55,0x55,0xF0,0x55,0x66,0x55,0x58,0x65,0x77,0x66,
    0x55,0x75,0x77,0x77,0x55,0x76,0x77,0x77,0x78,0x77,0x77,0x77,0x8B,0x77,0x77,0xF7,
    0xCC,0xA6,0xAB,0xBB,0xD5,0x6D,0xBA,0xBB,0xD5,0xFD,0xBB,0xBB,0x55,0xDD,0xB6,0xBB,
    0x66,0xDD,0xB8,0xBB,0x77,0xD6,0xBD,0xBB,0x77,0xD7,0xBD,0xBB,0x7F,0x67,0xFD,0xBB,
    0xBB,0xBB,0xBF,0x0F,0xBB,0xBB,0xBB,0x0F,0xBB,0xBB,0xFB,0x00,0xBB,0xBB,0xFB,0x00,
    0xBB,0xBB,0xFB,0x00,0xBB,0xBB,0xFB,0x00,0xBB,0xBB,0xFB,0x00,0xBB,0xAB,0x0F,0x00,
    0x00,0x00,0x00,0x00,0x00,0x00,0x00,0x00,0x00,0x00,0x00,0x00,0x00,0x00,0x00,0x00,
    0x00,0x00,0x00,0x00,0x00,0x00,0x00,0x00,0x00,0x00,0x00,0x00,0x00,0x00,0x00,0x00,
    0x00,0x00,0x00,0x00,0x00,0x00,0x00,0x00,0x00,0x00,0x00,0x00,0x00,0x00,0x00,0x00,
    0x00,0x00,0x00,0x00,0x00,0x00,0x00,0x00,0x00,0x00,0x00,0x00,0x00,0x00,0x00,0x00,
    0x00,0x00,0x00,0x00,0x00,0x00,0x00,0x00,0x00,0x00,0x00,0x00,0x00,0x00,0x00,0x00,
    0x00,0x00,0x00,0x00,0x00,0x00,0x00,0x00,0x00,0x00,0x00,0x00,0x00,0x00,0x00,0x00,
    0x00,0x00,0x00,0x00,0x00,0x00,0x00,0x00,0x00,0x00,0x00,0x00,0x00,0x00,0x00,0x00,
    0x00,0x00,0x00,0x00,0x00,0x00,0x00,0x00,0x00,0x00,0x00,0x00,0x00,0x00,0x00,0x00,
    0x00,0x40,0x11,0xBA,0x00,0x14,0x21,0xBB,0x00,0x2F,0x32,0xBB,0x40,0x33,0x33,0xBB,
    0x40,0x33,0x33,0xBB,0x34,0x33,0x33,0x8B,0x3F,0x33,0x33,0xBB,0x3F,0x33,0x33,0xBB,
    0xBB,0x78,0xF7,0xFF,0xBB,0xFB,0xBF,0x7F,0xBB,0xBF,0xBB,0x8F,0xFB,0x7B,0x7B,0x8F,
    0x7F,0xB7,0xB7,0x8F,0x7F,0x77,0x77,0x8F,0xF8,0x77,0xF7,0x88,0xBB,0x7F,0xF7,0x88,
    0x77,0x77,0xD6,0xBB,0x77,0x77,0xA7,0xBF,0x77,0x77,0xA7,0xBF,0x78,0x77,0xA7,0xBB,
    0x88,0x78,0xA7,0xFB,0x88,0x88,0xB8,0xFB,0x88,0x88,0xB8,0xFB,0x88,0x88,0xB8,0xFB,
    0xBB,0xAB,0x0F,0x00,0xBB,0xBB,0x0F,0x00,0xBB,0xFB,0x00,0x00,0xBB,0xFB,0x00,0x00,
    0xBB,0xFB,0x00,0x00,0xBB,0x0F,0x00,0x00,0xBB,0x0F,0x00,0x00,0xFB,0x00,0x00,0x00,
    0x00,0x00,0x00,0x00,0x00,0x00,0x00,0x00,0x00,0x00,0x00,0x00,0x00,0x00,0x00,0x00,
    0x00,0x00,0x00,0x00,0x00,0x00,0x00,0x00,0x00,0x00,0x00,0x00,0x00,0x00,0x00,0x00,
    0x00,0x00,0x00,0x00,0x00,0x00,0x00,0x00,0x00,0x00,0x00,0x00,0x00,0x00,0x00,0x00,
    0x00,0x00,0x00,0x00,0x00,0x00,0x00,0x00,0x00,0x00,0x00,0x00,0x00,0x00,0x00,0x00,
    0x00,0x00,0x00,0x00,0x00,0x00,0x00,0x00,0x00,0x00,0x00,0x00,0x00,0x00,0x00,0x00,
    0x00,0x00,0x00,0x00,0x00,0x00,0x00,0x00,0x00,0x00,0x00,0x00,0x00,0x00,0x00,0x00,
    0x00,0x00,0x00,0x00,0x00,0x00,0x00,0x00,0x00,0x00,0x00,0x00,0x00,0x00,0x00,0x00,
    0x00,0x00,0x00,0x00,0x00,0x00,0x00,0x00,0x00,0x00,0x00,0x00,0x00,0x00,0x00,0x00,
    0x00,0x00,0x00,0x00,0x00,0x00,0x00,0x00,0x00,0x00,0x00,0x00,0x00,0x00,0x00,0x00,
    0x00,0x00,0x00,0x00,0x00,0x00,0x00,0x00,0x00,0x00,0x00,0x00,0x00,0x00,0x00,0x00,
    0x00,0x00,0x00,0x00,0x00,0x00,0x00,0x00,0x00,0x00,0x00,0x00,0x00,0x00,0x00,0x00,
    0x00,0x00,0x00,0x00,0x00,0x00,0x00,0x00,0x00,0x00,0x00,0x00,0x00,0x00,0x00,0x00,
    0x00,0x00,0x00,0x00,0x00,0x00,0x00,0x00,0x00,0x00,0x00,0x00,0x00,0x00,0x00,0x00,
    0x00,0x00,0x00,0x00,0x00,0x00,0x00,0x00,0x00,0x00,0x00,0x00,0x00,0x00,0x00,0x00,
    0x00,0x00,0x00,0x00,0x00,0x00,0x00,0x00,0x00,0x00,0x00,0x00,0x00,0x00,0x00,0x00,
    0x00,0x00,0x00,0x00,0x00,0x00,0x00,0x00,0x00,0x00,0x00,0x00,0x00,0x00,0x00,0x00,
    0x00,0x00,0x00,0x00,0x00,0x00,0x00,0x00,0x00,0x00,0x00,0x00,0x00,0x00,0x00,0x00,
    0x00,0x00,0x00,0x00,0x00,0x00,0x00,0x00,0x00,0x00,0x00,0x00,0x00,0x00,0x00,0x00,
    0x00,0x00,0x00,0x00,0x00,0x00,0x00,0x00,0x00,0x00,0x00,0x00,0x00,0x00,0x00,0x00,
    0x00,0x00,0x00,0x00,0x00,0x00,0x00,0x00,0x00,0x00,0x00,0x00,0x00,0x00,0x00,0x00,
    0x00,0x00,0x00,0x00,0x00,0x00,0x00,0x00,0x00,0x00,0x00,0x00,0x00,0x00,0x00,0x00,
    0x00,0x00,0x00,0x00,0x00,0x00,0x00,0x00,0x00,0x00,0x00,0x00,0x00,0x00,0x00,0x00,
    0x00,0x00,0x00,0x00,0x00,0x00,0x00,0x00,0x00,0x00,0x00,0x00,0x00,0x00,0x00,0x00,
    0x00,0x00,0x00,0x00,0x00,0x00,0x00,0x00,0x00,0x00,0x00,0x00,0x00,0x00,0x00,0x00,
    0x00,0x00,0x00,0x00,0x00,0x00,0x00,0x00,0x00,0x00,0x00,0x00,0x00,0x00,0x00,0x00,
    0x00,0x00,0x00,0x00,0x00,0x00,0x00,0x00,0x00,0x00,0x00,0x00,0x00,0x00,0x00,0x00,
    0x00,0x00,0x00,0x00,0x00,0x00,0x00,0x00,0x00,0x00,0x00,0x00,0x00,0x00,0x00,0x00,
    0x00,0x00,0x00,0x00,0x00,0x00,0x00,0x00,0x00,0x00,0x00,0x00,0x00,0x00,0x00,0x00,
    0x00,0x00,0x00,0x00,0x00,0x00,0x00,0x00,0x00,0x00,0x00,0x00,0x00,0x00,0x00,0x00,
    0x00,0x00,0x00,0x00,0x00,0x00,0x00,0x00,0x00,0x00,0x00,0x00,0x00,0x50,0x55,0x05,
    0x00,0x00,0x00,0x00,0x00,0x00,0x00,0x00,0x00,0x00,0x00,0x00,0x00,0x00,0x00,0x00,
    0x00,0x00,0x00,0x00,0x00,0x00,0x00,0x50,0x00,0x00,0x50,0xE5,0x00,0x50,0xE5,0xEE,
    0x00,0x00,0x00,0x00,0x00,0x00,0x00,0x00,0x00,0x00,0x00,0x00,0x00,0x00,0x00,0x00,
    0x50,0x55,0x00,0x00,0xE5,0xEE,0x55,0x05,0xEE,0xEE,0xEE,0x77,0xEE,0xEE,0xEE,0x9E,
    0x00,0x00,0x00,0x00,0x00,0x00,0x00,0x00,0x00,0x00,0x00,0x00,0x00,0x00,0x00,0x00,
    0x00,0x00,0x00,0x00,0x00,0x00,0x00,0x00,0x87,0x00,0x00,0x00,0xB5,0x8B,0x00,0x00,
    0x00,0x00,0x00,0x00,0x00,0x00,0x00,0x00,0x00,0x00,0x00,0x00,0x00,0x00,0x00,0x00,
    0x00,0x00,0x00,0x00,0x00,0x00,0x00,0x00,0x00,0x00,0x00,0x00,0x00,0x00,0x00,0x00,
    0x00,0x00,0x00,0x00,0x00,0x00,0x00,0x00,0x00,0x00,0x00,0x00,0x00,0x00,0x00,0x00,
    0x00,0x00,0x00,0x00,0x00,0x00,0x00,0x00,0x00,0x00,0x00,0x00,0x00,0x00,0x00,0x00,
    0x00,0x00,0x00,0x00,0x00,0x00,0x00,0x00,0x00,0x00,0x00,0x00,0x00,0x00,0x00,0x00,
    0x00,0x00,0x00,0x00,0x00,0x00,0x00,0x00,0x00,0x00,0x00,0x00,0x00,0x00,0x00,0x00,
    0x00,0x00,0x00,0x00,0x00,0x00,0x00,0x00,0x00,0x00,0x00,0x00,0x00,0x00,0x00,0x00,
    0x00,0x00,0x00,0x00,0x00,0x00,0x00,0x00,0x00,0x00,0x00,0x00,0x00,0x00,0x00,0x00,
    0x00,0x60,0xEE,0x59,0x00,0x50,0xE9,0xEE,0x00,0x00,0x95,0xEE,0x00,0x00,0x96,0xE9,
    0x00,0x00,0x56,0xEE,0x00,0x00,0xE6,0xEE,0x00,0x60,0xEE,0x99,0x00,0x96,0x99,0x99,
    0x55,0xE5,0xEE,0xEE,0x5E,0xEE,0xEE,0xEE,0xE9,0xEE,0xEE,0xEE,0xEE,0xEE,0xEE,0xEE,
    0x9E,0x9E,0xEE,0xEE,0xE9,0xE9,0xEE,0xEE,0x99,0x9E,0xEE,0xEE,0x99,0x99,0xE9,0xEE,
    0xEE,0xEE,0xEE,0xEE,0xEE,0x9E,0x99,0x99,0xEE,0x99,0x99,0x99,0xEE,0x99,0x99,0x99,
    0x9E,0x99,0x99,0x99,0x9E,0x99,0x99,0x59,0x99,0x99,0xF9,0xBF,0x99,0xF9,0xBF,0xBB,
    0x99,0xBB,0x0B,0x00,0x99,0xB9,0x8A,0x00,0x99,0xB5,0x8A,0x00,0x99,0xBB,0xAB,0x08,
    0xB9,0xBB,0xAB,0x08,0xBB,0xBB,0xBB,0x8A,0xBB,0xBB,0xBB,0x8A,0xBB,0xBB,0xBB,0x8B,
    0x00,0x00,0x00,0x00,0x00,0x00,0x00,0x00,0x00,0x00,0x00,0x00,0x00,0x00,0x00,0x00,
    0x00,0x00,0x00,0x00,0x00,0x00,0x00,0x00,0x00,0x00,0x00,0x00,0x00,0x00,0x00,0x00,
    0x00,0x00,0x00,0x00,0x00,0x00,0x00,0x00,0x00,0x00,0x00,0x00,0x00,0x00,0x00,0x00,
    0x00,0x00,0x00,0x00,0x00,0x00,0x00,0x00,0x00,0x00,0x00,0x00,0x00,0x00,0x00,0x00,
    0x00,0x00,0x00,0x00,0x00,0x00,0x00,0x00,0x00,0x00,0x00,0x00,0x00,0x00,0x00,0x00,
    0x00,0x00,0x00,0x00,0x00,0x00,0x00,0x00,0x00,0x00,0x00,0x00,0x00,0x00,0x00,0x00,
    0x00,0x00,0x00,0x00,0x00,0x00,0x00,0x00,0x00,0x00,0x00,0x60,0x00,0x00,0x00,0x96,
    0x00,0x00,0x00,0x60,0x00,0x00,0x00,0x00,0x00,0x00,0x00,0x00,0x00,0x00,0x00,0x00,
    0x60,0x99,0x99,0x99,0x96,0x99,0x99,0x99,0x99,0x99,0x99,0x99,0x99,0x69,0x96,0x99,
    0x66,0x00,0x60,0x99,0x00,0x00,0x60,0x99,0x00,0x00,0x00,0x96,0x00,0x00,0x00,0x96,
    0x99,0x99,0x99,0x9E,0x99,0x99,0x89,0x9E,0x99,0x99,0x86,0x99,0x99,0x99,0x86,0x98,
    0x99,0x69,0xFF,0x9F,0x99,0x69,0xFF,0x8F,0x99,0xF6,0xFF,0xFF,0x99,0xF6,0xFF,0xFF,
    0x99,0xBF,0xBB,0xBB,0x99,0xB8,0xBB,0xBB,0x99,0xB8,0xBB,0xBB,0x99,0xB8,0xBB,0xBB,
    0x89,0xB5,0xBB,0xBB,0x89,0x56,0xBB,0xFB,0x89,0x68,0xF6,0x3F,0x8F,0x6F,0x8F,0x32,
    0xBB,0xBB,0x8B,0x08,0xBB,0xBB,0x2B,0x04,0xBB,0x8B,0x48,0x03,0xBB,0x28,0x72,0x04,
    0x88,0x22,0xFE,0x02,0x28,0x22,0x7E,0x02,0x18,0x22,0x5E,0x42,0x11,0x11,0xE1,0x41,
    0x00,0x00,0x00,0x00,0x00,0x00,0x00,0x00,0x00,0x00,0x00,0x00,0x00,0x00,0x00,0x00,
    0x00,0x00,0x00,0x00,0x00,0x00,0x00,0x00,0x00,0x00,0x00,0x00,0x00,0x00,0x00,0x00,
    0x00,0x00,0x00,0x00,0x00,0x00,0x00,0x00,0x00,0x00,0x00,0x00,0x00,0x00,0x00,0x00,
    0x00,0x00,0x00,0x00,0x00,0x00,0x00,0x00,0x00,0x00,0x00,0x00,0x00,0x00,0x00,0x00,
    0x00,0x00,0x00,0x00,0x00,0x00,0x00,0x00,0x00,0x00,0x00,0x00,0x00,0x00,0x00,0x00,
    0x00,0x00,0x00,0x00,0x00,0x00,0x00,0x00,0x00,0x00,0x00,0x00,0x00,0x00,0x00,0x00,
    0x00,0x00,0x00,0x00,0x00,0x00,0x00,0x00,0x00,0x00,0x00,0x00,0x00,0x00,0x00,0x00,
    0x00,0x00,0x00,0x00,0x00,0x00,0x00,0x00,0x00,0x00,0x00,0x00,0x00,0x00,0x00,0x00,
    0x00,0x00,0x00,0x60,0x00,0x00,0x00,0x60,0x00,0x00,0x00,0x00,0x00,0x00,0x00,0x00,
    0x00,0x00,0x00,0x00,0x00,0x00,0x00,0x00,0x00,0x00,0x00,0x00,0x00,0x00,0x00,0x00,
    0x69,0xFF,0xFF,0xFF,0x69,0xFF,0xFF,0x8F,0x06,0xF0,0xFF,0xFF,0x00,0x00,0xF8,0x8F,
    0x00,0x00,0xF0,0xFF,0x00,0x00,0x00,0xFF,0x00,0x00,0x00,0x00,0x00,0x00,0x00,0x00,
    0xF8,0x88,0x48,0x32,0x8F,0x8F,0x38,0x34,0xF8,0x88,0x38,0x24,0x88,0x88,0x33,0x43,
    0x88,0x88,0x33,0x33,0x8F,0x3F,0x33,0x33,0xFF,0xFF,0x8F,0x77,0x78,0x67,0x66,0x55,
    0x11,0x11,0x11,0x11,0x11,0x11,0x11,0x21,0x13,0x11,0x11,0x41,0x24,0x11,0x21,0x03,
    0x22,0x11,0x11,0x04,0x43,0x76,0xF8,0x00,0x54,0x55,0x85,0x00,0x65,0x66,0x08,0x00,
    0x04,0x00,0x00,0x00,0x00,0x00,0x00,0x00,0x00,0x00,0x00,0x00,0x00,0x00,0x00,0x00,
    0x00,0x00,0x00,0x00,0x00,0x00,0x00,0x00,0x00,0x00,0x00,0x00,0x00,0x00,0x00,0x00,
    0x00,0x00,0x00,0x00,0x00,0x00,0x00,0x00,0x00,0x00,0x00,0x00,0x00,0x00,0x00,0x00,
    0x00,0x00,0x00,0x00,0x00,0x00,0x00,0x00,0x00,0x00,0x00,0x00,0x00,0x00,0x00,0x00,
    0x00,0x00,0x00,0x00,0x00,0x00,0x00,0x00,0x00,0x00,0x00,0x00,0x00,0x00,0x00,0x00,
    0x00,0x00,0x00,0x00,0x00,0x00,0x00,0x00,0x00,0x00,0x00,0x00,0x00,0x00,0x00,0x00,
    0x00,0x00,0x00,0x00,0x00,0x00,0x00,0x00,0x00,0x00,0x00,0x00,0x00,0x00,0x00,0x00,
    0x00,0x00,0x00,0x00,0x00,0x00,0x00,0x00,0x00,0x00,0x00,0x00,0x00,0x00,0x00,0x00,
    0x00,0x00,0x00,0x00,0x00,0x00,0x00,0x00,0x00,0x00,0x00,0x00,0x00,0x00,0x00,0x00,
    0x00,0x00,0x00,0x00,0x00,0x00,0x00,0x00,0x00,0x00,0x00,0x00,0x00,0x00,0x00,0x00,
    0x00,0x00,0x00,0x00,0x00,0x00,0x00,0x00,0x00,0x00,0x00,0x00,0x00,0x00,0x00,0xFF,
    0x00,0x00,0xFF,0xAA,0x00,0xBB,0xBB,0xAB,0xB0,0xAA,0xBA,0xBB,0xB0,0xAA,0xAA,0xBA,
    0xF0,0x77,0x77,0x66,0xF0,0xBB,0xBB,0xAB,0xFF,0xBB,0xBB,0xBB,0xAA,0xAA,0xAA,0xBB,
    0xAA,0xAA,0xAA,0xAA,0xAA,0xAA,0xAA,0xAA,0xAB,0xAA,0xAA,0xBB,0xBB,0xBB,0xFF,0xBB,
    0x66,0x66,0x08,0x00,0xAA,0xBA,0x00,0x00,0xBB,0xBB,0x0F,0x00,0xBB,0xAA,0xFB,0x0F,
    0xAB,0xAA,0xAB,0xFA,0xAB,0xAA,0xBB,0xBA,0xAA,0xBA,0xBB,0xBA,0xBB,0xBB,0xAB,0xAB,
    0x00,0x00,0x00,0x00,0x00,0x00,0x00,0x00,0x00,0x00,0x00,0x00,0x00,0x00,0x00,0x00,
    0x0F,0x00,0x00,0x00,0xBA,0x08,0x00,0x00,0xAA,0x85,0x00,0x00,0xAB,0x85,0x00,0x00,
    0x00,0x00,0x00,0x00,0x00,0x00,0x00,0x00,0x00,0x00,0x00,0x00,0x00,0x00,0x00,0x00,
    0x00,0x00,0x00,0x00,0x00,0x00,0x00,0x00,0x00,0x00,0x00,0x00,0x00,0x00,0x00,0x00,
    0x00,0x00,0x00,0x00,0x00,0x00,0x00,0x00,0x00,0x00,0x00,0x00,0x00,0x00,0x00,0x00,
    0x00,0x00,0x00,0x00,0x00,0x00,0x00,0x00,0x00,0x00,0x00,0x00,0x00,0x00,0x00,0x00,
    0x00,0x00,0x00,0x00,0x00,0x00,0x00,0x00,0x00,0x00,0x00,0x00,0x00,0x00,0x00,0x00,
    0x00,0x00,0x00,0x00,0x00,0x00,0x00,0x00,0x00,0x00,0x00,0x00,0x00,0x00,0x00,0x00,
    0x00,0x00,0x00,0x00,0x00,0x00,0x00,0x00,0x00,0x00,0x00,0xB0,0x00,0x00,0x00,0xAB,
    0x00,0x00,0xB0,0xAA,0x00,0x00,0xB0,0xAF,0x00,0x00,0xB4,0xFB,0x00,0x40,0xBB,0xBB,
    0xAB,0xAA,0xAA,0xAA,0xAB,0xAA,0xAA,0xAA,0xAA,0xAA,0xAA,0xAA,0xAA,0xAA,0xAA,0xAB,
    0xAA,0xAA,0xAA,0xAB,0xAA,0xAA,0xFA,0xFB,0xAF,0xAA,0x0F,0xBF,0xFB,0xFA,0xF0,0xBB,
    0xBA,0xFB,0xBB,0xBB,0xAA,0xAF,0xAB,0xBA,0xFA,0xAB,0xAB,0xAA,0xBF,0xBB,0xAA,0xAA,
    0xBF,0xBB,0xBA,0xAB,0xBB,0xAB,0xBB,0xBA,0xBB,0xAB,0xBB,0xAB,0xBB,0xAB,0xBB,0xBB,
    0xBB,0xBB,0xAB,0xAB,0xBB,0xBB,0xBB,0xAA,0xBA,0xBB,0xAB,0xAA,0xAA,0xBA,0xFB,0xAA,
    0xAA,0xAA,0xFB,0xAA,0xAA,0xAA,0xFA,0xFA,0xAB,0xAB,0xBB,0x0B,0xBB,0xBA,0xAB,0x0F,
    0xBA,0x55,0x08,0x00,0xBA,0x55,0x08,0x00,0xAA,0x56,0x85,0x00,0xAA,0x66,0x85,0x00,
    0xAA,0x67,0x55,0x08,0xAA,0x77,0x56,0x85,0xAF,0x77,0xF7,0xAF,0xF0,0x77,0xBF,0xAA,
    0x00,0x00,0x00,0x00,0x00,0x00,0x00,0x00,0x00,0x00,0x00,0x00,0x00,0x00,0x00,0x00,
    0x00,0x00,0x00,0x00,0x00,0x00,0x00,0x00,0x04,0x00,0x00,0x00,0x4A,0x00,0x00,0x00,
    0x00,0x00,0x00,0x00,0x00,0x00,0x00,0x00,0x00,0x00,0x00,0x00,0x00,0x00,0x00,0x00,
    0x00,0x00,0x00,0x00,0x00,0x00,0x00,0x00,0x00,0x00,0x00,0x00,0x00,0x00,0x00,0x00,
    0x00,0x00,0x00,0x00,0x00,0x00,0x00,0x00,0x00,0x00,0x00,0x00,0x00,0x00,0x00,0x40,
    0x00,0x00,0x00,0x40,0x00,0x00,0x00,0x34,0x00,0x00,0x00,0x34,0x00,0x00,0x00,0x3F,
    0x00,0x24,0xBB,0xBB,0x40,0x22,0xBB,0xBB,0x24,0x22,0xBB,0xBB,0x33,0x23,0xBB,0x4B,
    0x33,0x33,0xBB,0xFB,0x33,0x33,0xBB,0x04,0x33,0x33,0xBB,0x04,0x33,0x33,0x4B,0x00,
    0x4B,0x0F,0xF0,0xBB,0xFB,0x00,0xF0,0xBB,0x04,0x00,0xF0,0xBB,0x00,0x00,0xF0,0xBB,
    0x00,0x00,0xF0,0xBB,0x00,0x00,0x00,0xBF,0x00,0x00,0x00,0xBF,0x00,0x00,0x00,0xBF,
    0xBB,0xAB,0xBB,0xBB,0xBB,0xAB,0xBB,0xBB,0xBB,0xAB,0xAA,0xBB,0xBB,0xBB,0x99,0xBA,
    0xBB,0xBB,0x99,0xBA,0xBB,0xBB,0xA9,0xBB,0xBB,0xBB,0xAA,0xBB,0xBB,0xBB,0xBA,0xBB,
    0xBB,0xBB,0xBB,0x0F,0xBB,0xBB,0xBB,0x0F,0xBB,0xBB,0xBB,0x0F,0xBB,0xBB,0xBB,0x0F,
    0xBB,0xBB,0xFB,0x00,0xBB,0xBB,0xFB,0x00,0xBB,0xBB,0xFB,0x00,0xBB,0xBB,0xFF,0x00,
    0x00,0xFF,0xBB,0xAB,0x00,0x40,0xBB,0xBB,0x00,0x00,0xB4,0xBB,0x00,0x00,0x40,0xBB,
    0x00,0x00,0x40,0xBB,0x00,0x00,0x00,0xB4,0x00,0x00,0x00,0xBF,0x00,0x00,0xF0,0xBB,
    0x1A,0x44,0x00,0x00,0x1B,0x11,0x04,0x00,0x2B,0x22,0x43,0x00,0x2B,0x33,0xF3,0x00,
    0x3B,0x33,0xF3,0x00,0x3B,0x33,0xF3,0x00,0x3B,0x33,0x0F,0x00,0x3B,0x33,0x0F,0x00,
};
const u32 gLegendsBrendanSportFront[] = {
    0x00080010,0x00000000,0x00000000,0x00000000,0x00000000,0x00000000,0x00000000,0x00000000,0x00000000,0x00000000,0x00000000,0x00000000,0x00000000,0x00000000,0x00000000,0x00000000,
    0x00000000,0x00000000,0x00000000,0x00000000,0x00000000,0x00000000,0x00000000,0x00000000,0x00000000,0x00000000,0x00000000,0x00000000,0x00000000,0x00000000,0x00000000,0x00000000,
    0x00000000,0x00000000,0x00000000,0x00000000,0x00000000,0x00000000,0x00000000,0x00000000,0x00000000,0x00000000,0x00000000,0x00000000,0x00000000,0x00000000,0x00000000,0x00000000,
    0x00000000,0x00000000,0x00000000,0x00000000,0x00000000,0x00000000,0x00000000,0x00000000,0x00000000,0x00000000,0x00000000,0x00000000,0x00000000,0x00000000,0x00000000,0x00000000,
    0x00000000,0x00000000,0x00000000,0x00000000,0x00000000,0x00000000,0x00000000,0x00000000,0x00000000,0x00000000,0x00000000,0x00000000,0x00000000,0x00000000,0x00000000,0x00000000,
    0x00000000,0x00000000,0x00000000,0x00000000,0x00000000,0x00000000,0x00000000,0x00000000,0x00000000,0x00000000,0x00000000,0x00000000,0x00000000,0x00000060,0x50009655,0x000059EE,
    0x00999600,0x00956000,0xF5600000,0xF5560000,0x55500600,0xEEE56905,0xEEE5005E,0xEE9999EE,0x9900999E,0x59BB845E,0x00669E95,0xEE9BBAA5,0x888BAAAA,0x00000000,0x00000500,0x00590000,
    0x05990000,0xB8000000,0x99000055,0x000000FB,0x000FBBB9,0x000FBBB6,0x00000000,0x00000000,0x00000000,0x00000000,0x00000000,0x00000000,0x00000000,0x00000000,0x00000000,0x00000000,
    0x00000000,0x00000000,0x00000000,0x00000000,0x00000000,0x00000000,0x00000000,0x00000000,0x00000000,0x00000000,0x00000000,0x00000000,0x00000000,0x00000000,0x00000000,0x00000000,
    0x00000000,0x00000000,0x00000000,0x00000000,0x00000000,0x00000000,0x00000000,0x00000000,0x00000000,0x00000000,0x00000000,0x00000000,0x00000000,0x00000000,0x00000000,0x00000000,
    0x00000000,0x00000000,0x00000000,0x96000000,0x600000BF,0x0000008F,0x00002F00,0x00002400,0x00240000,0x00400000,0x00000000,0x00000000,0x188AAB00,0x13228B21,0xE51F0021,0xEF132112,
    0x14002111,0x4F211112,0x00311111,0x24311380,0x3223FF00,0x0FB88400,0x0F842300,0x83EF0000,0x43E50004,0x22000004,0x22000042,0x00000044,0x00000432,0x00000004,0x00000000,0x00000000,
    0x00000000,0x00000000,0x00000000,0x00000000,0x00000000,0x00000000,0x00000000,0x00000000,0x00000000,0x00000000,0x00000000,0x00000000,0x00000000,0x00000000,0x00000000,0x00000000,
    0x00000000,0x00000000,0x00000000,0x00000000,0x00000000,0x00000000,0x00000000,0x00000000,0x00000000,0x00000000,0x00000000,0x00000000,0x00000000,0x00000000,0x00000000,0x00000000,
    0x00000000,0x00000000,0x00000000,0x00000000,0x00000000,0x00000000,0x00000000,0x00000000,0x00000000,0x00000000,0x00000000,0x00000000,0x00000000,0x00000000,0x00004000,0x0000F000,
    0x005F0000,0x005F0000,0x65600000,0x66230000,0x4F56F000,0x386FB04F,0x6AAF0063,0xAAAA8386,0x6500B66B,0x56AABAA8,0x00969985,0x89985668,0xAA4558F8,0x0000F600,0x0000FF00,0x0F4B0000,
    0xF8BB0000,0xBB000000,0x89000F88,0x00000F85,0x00F6F558,0x0328F558,0x00000000,0x00000000,0x00000000,0x00000000,0x00004000,0x00244000,0x004CC440,0xDCD42400,0x34E52400,0x00000000,
    0x00000000,0x00000000,0x00000000,0x04000000,0x04000000,0x00000000,0x00000004,0x00000041,0x00000000,0x00000000,0x00000000,0x00000000,0x00000000,0x00000000,0x00000000,0x00000000,
    0x00000000,0x00000000,0x00000000,0x00000000,0x00000000,0x00000000,0x00000000,0x00000000,0x00000000,0x00000000,0x00000000,0x00000000,0x00000000,0x00000000,0x00000000,0x00000000,
    0x00000000,0x60000000,0x60000000,0x14000000,0x21400083,0x140000F3,0x11304F31,0x8000F042,0xA6F04368,0x00F00855,0x0004BA55,0x00046588,0x56B6FF00,0x6BBBF4A4,0xB44B00B8,0xBFBB866B,
    0xBB0086BB,0xBB66BBBF,0x00BBBBB6,0x666688FF,0x555688F0,0x33F88B00,0x33F8BB04,0x06BB0043,0x6BBB243F,0xB8003340,0x4B34006B,0x0040000F,0x00000668,0x00008668,0x98480000,0x8FC88445,
    0x6B820024,0xB682444D,0x3300FFF8,0x44000888,0x00000000,0x00000000,0x00000000,0x00004400,0x0000F400,0x000F0000,0x00000000,0x00000000,0x00000000,0x00000000,0x00000000,0x00000000,
    0x00000000,0x00000000,0x00000000,0x00000000,0x00000000,0x00000000,0x00000000,0x00000000,0x00000000,0x00000000,0x00000000,0x00000000,0x00000000,0x00000000,0x00000000,0x00000000,
    0x00000000,0x00000000,0x00000000,0x000000B4,0x000000C4,0x0000C400,0x0000F000,0x00000000,0x00000000,0x00000000,0x00000000,0x00FF8C00,0x000FCC00,0xF2DC0000,0xF4210000,0x4F00F000,
    0x00F0000F,0x00F00000,0x3F000000,0x3F000000,0x55688000,0x55588F55,0x588F0055,0x5688F855,0x88006F65,0x886F6555,0x00888655,0x33322223,0x30322223,0x00F66600,0x00F66800,0x66660000,
    0x66660008,0x66000008,0x66000866,0x00000F66,0x00F22222,0x00F22222,0x00000000,0x00000000,0x00000000,0x00000000,0x00000000,0x00000000,0x00000000,0x00000000,0x00000000,0x00000000,
    0x00000000,0x00000000,0x00000000,0x00000000,0x00000000,0x00000000,0x00000000,0x00000000,0x00000000,0x00000000,0x00000000,0x00000000,0x00000000,0x00000000,0x00000000,0x00000000,
    0x00000000,0x00000000,0x00000000,0x00000000,0x00000000,0x00000000,0x00000000,0x00000000,0x00000000,0x00000000,0x00000000,0x00000000,0x00000000,0x00000000,0x00000000,0x00000000,
    0x00000000,0x00000000,0x00000000,0x00000000,0xF000003F,0x00000033,0x00003FF0,0x0000FF00,0x0032F000,0x0022F000,0x22F00000,0x66B80000,0x32222300,0x0F2222F0,0x322200F0,0xFFFFF00F,
    0xF300F00F,0xF300000F,0x00000000,0x0000003F,0x0000000B,0xF2222300,0xF3222300,0x22230000,0xFFFF00F3,0xFF00000F,0x3F00003F,0x00000233,0x00033333,0x000F8888,0x00000000,0x00000000,
    0x00000000,0x00000000,0x00000000,0x00000000,0x00000000,0x00000000,0x00000000,0x00000000,0x00000000,0x00000000,0x00000000,0x00000000,0x00000000,0x00000000,0x00000000,0x00000000,
    0x00000000,0x00000000,0x00000000,0x00000000,0x00000000,0x00000000,0x00000000,0x00000000,0x00000000,0x00000000,0x00000000,0x00000000,0x00000000,0x00000000,0x00000000,0x00000000,
    0x00000000,0x00000000,0x00000000,0x00000000,0x00000000,0x00000000,0x00000000,0x00000000,0x00000000,0x00000000,0x00000000,0xF8000000,0xDF0000BB,0x000000FB,0x0000FB4F,0x00004FFF,
    0x00888D40,0x00599D40,0xFFFF0000,0x00000000,0x00006800,0x0000FD00,0x00F40000,0x000F0000,0xFD000000,0xF5000000,0x00000000,0x0000000F,0x00000000,0x0FF8F000,0x88F4D000,0x8D4F0000,
    0xF8DF8FFF,0xF0004FF4,0x005995FF,0x00FFFF00,0x00000000,0x00000000,0x00000000,0x00000000,0x00000000,0x000F0000,0x0F000000,0x00000000,0x00000000,0x00000000,0x00000000,0x00000000,
    0x00000000,0x00000000,0x00000000,0x00000000,0x00000000,0x00000000,0x00000000,0x00000000,0x00000000,0x00000000,0x00000000,0x00000000,0x00000000,0x00000000,0x00000000,0x00000000,
    0x00000000,
};
const u8 ALIGNED(4) gLegendsBrendanSportBack[] = {
    0x00,0x00,0x00,0x00,0x00,0x00,0x00,0x00,0x00,0x00,0x00,0x00,0x00,0x00,0x00,0x00,
    0x00,0x00,0x00,0x00,0x00,0x00,0x00,0x00,0x00,0x00,0x00,0x00,0x00,0x00,0x00,0x00,
    0x00,0x00,0x00,0x00,0x00,0x00,0x00,0x00,0x00,0x00,0x00,0x00,0x00,0x00,0x00,0x00,
    0x00,0x00,0x00,0x00,0x00,0x00,0x00,0x00,0x00,0x00,0x00,0x00,0x00,0x00,0x00,0x00,
    0x00,0x00,0x00,0x00,0x00,0x00,0x00,0x00,0x00,0x00,0x00,0x00,0x00,0x00,0x00,0x00,
    0x00,0x00,0x00,0x00,0x00,0x00,0x00,0x00,0x00,0x00,0x00,0x00,0x00,0x00,0x00,0x00,
    0x00,0x00,0x00,0x00,0x00,0x00,0x00,0x00,0x00,0x00,0x00,0x00,0x00,0x00,0x00,0x00,
    0x00,0x00,0x00,0x00,0x00,0x00,0x00,0x00,0x00,0x00,0x00,0x00,0x00,0x00,0x00,0x00,
    0x00,0x00,0x00,0x00,0x00,0x00,0x00,0x00,0x00,0x00,0x00,0x00,0x00,0x00,0x00,0x00,
    0x00,0x00,0x00,0x00,0x00,0x00,0x00,0x00,0x00,0x00,0x00,0x00,0x00,0x00,0x00,0x00,
    0x00,0x00,0x00,0x00,0x00,0x00,0x00,0x00,0x00,0x00,0x00,0x00,0x00,0x00,0x00,0x00,
    0x00,0x00,0x00,0x00,0x00,0x00,0x00,0x00,0x00,0x00,0x00,0x00,0x00,0x00,0x00,0x00,
    0x00,0x00,0x00,0x00,0x00,0x00,0x00,0x00,0x00,0x00,0x00,0x00,0x00,0x00,0x00,0x00,
    0x00,0x00,0x00,0x00,0x00,0x00,0x00,0x00,0x00,0x00,0x00,0x00,0x00,0x00,0x00,0x00,
    0x00,0x00,0x00,0x00,0x00,0x00,0x00,0x00,0x00,0x00,0x00,0x00,0x00,0x00,0x00,0x00,
    0x00,0x00,0x00,0x00,0x00,0x00,0x00,0x00,0x00,0x00,0x00,0x00,0x00,0x00,0x00,0x00,
    0x00,0x00,0x00,0x00,0x00,0x00,0x00,0x00,0x00,0x00,0x00,0x00,0x00,0x00,0x00,0x00,
    0x00,0x00,0x00,0x00,0x00,0x00,0x00,0x00,0x00,0x00,0x00,0x00,0x00,0x00,0x00,0x00,
    0x00,0x00,0x00,0x00,0x00,0x00,0x00,0x00,0x00,0x00,0x00,0x00,0x00,0x00,0x00,0x00,
    0x00,0x00,0x00,0x00,0x00,0x00,0x00,0x00,0x00,0x00,0x00,0x00,0x00,0x00,0x00,0x00,
    0x00,0x00,0x00,0x00,0x00,0x00,0x00,0x00,0x00,0x00,0x00,0x00,0x00,0x00,0x00,0x00,
    0x00,0x00,0x00,0x00,0x00,0x00,0x00,0x00,0x00,0x00,0x00,0x00,0x00,0x00,0x00,0x00,
    0x00,0x00,0x00,0x00,0x00,0x00,0x00,0x00,0x00,0x00,0x00,0x00,0x00,0x00,0x00,0x00,
    0x00,0x00,0x00,0x00,0x00,0x00,0x50,0x55,0x00,0x50,0xE5,0xEE,0x50,0xE5,0xEE,0xEE,
    0x00,0x00,0x00,0x00,0x00,0x00,0x00,0x00,0x00,0x00,0x00,0x00,0x00,0x00,0x00,0x00,
    0x00,0x00,0x00,0x00,0x00,0x00,0x00,0x00,0x55,0x05,0x00,0x00,0xEE,0x77,0x87,0x00,
    0x00,0x00,0x00,0x00,0x00,0x00,0x00,0x00,0x00,0x00,0x00,0x00,0x00,0x00,0x00,0x00,
    0x00,0x00,0x00,0x00,0x00,0x00,0x00,0x00,0x00,0x00,0x00,0x00,0x00,0x00,0x00,0x00,
    0x00,0x00,0x00,0x00,0x00,0x00,0x00,0x00,0x00,0x00,0x00,0x00,0x00,0x00,0x00,0x00,
    0x00,0x00,0x00,0x00,0x00,0x00,0x00,0x00,0x00,0x00,0x00,0x00,0x00,0x00,0x00,0x00,
    0x00,0x00,0x00,0x00,0x00,0x00,0x00,0x00,0x00,0x00,0x00,0x00,0x00,0x00,0x00,0x00,
    0x00,0x00,0x00,0x00,0x00,0x00,0x00,0x00,0x00,0x00,0x00,0x00,0x00,0x00,0x00,0x00,
    0x00,0x00,0x00,0x00,0x00,0x00,0x00,0x00,0x00,0x00,0x00,0x00,0x00,0x00,0x00,0x00,
    0x00,0x00,0x00,0x00,0x00,0x00,0x00,0x00,0x00,0x00,0x00,0x00,0x00,0x00,0x00,0x00,
    0x00,0x00,0x00,0x50,0x00,0x00,0x00,0x60,0x00,0x00,0x00,0x50,0x00,0x00,0x00,0x00,
    0x00,0x00,0x00,0x00,0x00,0x00,0x00,0x00,0x00,0x00,0x00,0x00,0x00,0x00,0x00,0x60,
    0x55,0x05,0x00,0x50,0xEE,0x59,0x55,0xE5,0xE9,0xEE,0x5E,0xEE,0x95,0xEE,0xE9,0xEE,
    0x96,0xE9,0xEE,0xEE,0x56,0xEE,0x9E,0x9E,0xE6,0xEE,0xE9,0xE9,0xEE,0x99,0x99,0x9E,
    0xE5,0xEE,0xEE,0xEE,0xEE,0xEE,0xEE,0xEE,0xEE,0xEE,0xEE,0x9E,0xEE,0xEE,0xEE,0x99,
    0xEE,0xEE,0xEE,0x99,0xEE,0xEE,0x9E,0x99,0xEE,0xEE,0x9E,0x99,0xEE,0xEE,0x99,0x99,
    0xEE,0x9E,0x75,0x87,0xEE,0xEE,0x99,0x77,0x99,0x99,0x99,0x79,0x99,0x99,0x99,0x75,
    0x99,0x99,0x99,0xB7,0x99,0x99,0x79,0xBB,0x99,0x59,0xB7,0xBB,0xF9,0x7F,0xBB,0xBB,
    0x00,0x00,0x00,0x00,0x07,0x00,0x00,0x00,0x8A,0x00,0x00,0x00,0x8A,0x00,0x00,0x00,
    0xAB,0x08,0x00,0x00,0xAB,0x08,0x00,0x00,0xBB,0x8A,0x00,0x00,0xBB,0x8A,0x00,0x00,
    0x00,0x00,0x00,0x00,0x00,0x00,0x00,0x00,0x00,0x00,0x00,0x00,0x00,0x00,0x00,0x00,
    0x00,0x00,0x00,0x00,0x00,0x00,0x00,0x00,0x00,0x00,0x00,0x00,0x00,0x00,0x00,0x00,
    0x00,0x00,0x00,0x00,0x00,0x00,0x00,0x00,0x00,0x00,0x00,0x00,0x00,0x00,0x00,0x00,
    0x00,0x00,0x00,0x00,0x00,0x00,0x00,0x00,0x00,0x00,0x00,0x00,0x00,0x00,0x00,0x00,
    0x00,0x00,0x00,0x00,0x00,0x00,0x00,0x00,0x00,0x00,0x00,0x00,0x00,0x00,0x00,0x00,
    0x00,0x00,0x00,0x00,0x00,0x00,0x00,0x00,0x00,0x00,0x00,0x00,0x00,0x00,0x00,0x00,
    0x00,0x00,0x00,0x96,0x00,0x00,0x60,0x99,0x00,0x00,0x96,0x99,0x00,0x60,0x99,0x99,
    0x00,0x96,0x99,0x69,0x00,0x60,0x66,0x00,0x00,0x00,0x00,0x00,0x00,0x00,0x00,0x00,
    0x99,0x99,0x99,0x99,0x99,0x99,0x99,0x99,0x99,0x99,0x99,0x99,0x99,0x99,0x99,0x99,
    0x96,0x99,0x99,0x99,0x60,0x99,0x99,0x69,0x60,0x99,0x99,0x69,0x00,0x96,0x99,0xF6,
    0xE9,0xEE,0x99,0xF9,0x99,0x9E,0x99,0xBF,0x89,0x9E,0x99,0xB8,0x86,0x99,0x99,0xB8,
    0x86,0x98,0x99,0xB8,0xFF,0x9F,0x89,0xB5,0xFF,0x8F,0x89,0x56,0xFF,0xFF,0x89,0x6F,
    0xBF,0xBB,0xBB,0xBB,0xBB,0xBB,0xBB,0xBB,0xBB,0xBB,0xBB,0xBB,0xBB,0xBB,0xBB,0x8B,
    0xBB,0xBB,0xBB,0x28,0xBB,0xBB,0x88,0x22,0xBB,0x86,0x28,0x22,0x86,0x38,0x18,0x22,
    0xBB,0x8B,0x00,0x00,0x8B,0x08,0x00,0x00,0x2B,0x04,0x00,0x00,0x48,0x03,0x00,0x00,
    0x72,0x04,0x00,0x00,0xFE,0x02,0x00,0x00,0x7E,0x02,0x00,0x00,0x5E,0x42,0x00,0x00,
    0x00,0x00,0x00,0x00,0x00,0x00,0x00,0x00,0x00,0x00,0x00,0x00,0x00,0x00,0x00,0x00,
    0x00,0x00,0x00,0x00,0x00,0x00,0x00,0x00,0x00,0x00,0x00,0x00,0x00,0x00,0x00,0x00,
    0x00,0x00,0x00,0x00,0x00,0x00,0x00,0x00,0x00,0x00,0x00,0x00,0x00,0x00,0x00,0x00,
    0x00,0x00,0x00,0x00,0x00,0x00,0x00,0x00,0x00,0x00,0x00,0x00,0x00,0x00,0x00,0x00,
    0x00,0x00,0x00,0x00,0x00,0x00,0x00,0x00,0x00,0x00,0x00,0x00,0x00,0x00,0x00,0x00,
    0x00,0x00,0x00,0x00,0x00,0x00,0x33,0x04,0x00,0x30,0x11,0x03,0x00,0x30,0x11,0x04,
    0x00,0x00,0x00,0x00,0x00,0x00,0x00,0x00,0x00,0x00,0x00,0x00,0x00,0x00,0x00,0x00,
    0x00,0x00,0x00,0x00,0x00,0x00,0x00,0x00,0x00,0x00,0x00,0x00,0x00,0x00,0x00,0x00,
    0x00,0x96,0x99,0xF6,0x00,0x60,0x69,0xFF,0x00,0x60,0x69,0xFF,0x00,0x00,0x06,0xF0,
    0x00,0x00,0x00,0x00,0x00,0x00,0x00,0x00,0x00,0x00,0x00,0x00,0x00,0x00,0x00,0x00,
    0xFF,0xFF,0x8F,0x68,0xFF,0xFF,0xF8,0x88,0xFF,0x8F,0x8F,0x8F,0xFF,0xFF,0xF8,0x88,
    0xF8,0x8F,0x88,0x88,0xF0,0xFF,0x88,0x88,0x00,0xFF,0x8F,0x38,0x00,0xF0,0xFF,0x3F,
    0x8F,0x32,0x11,0x11,0x48,0x32,0x11,0x11,0x38,0x34,0x11,0x11,0x38,0x24,0x13,0x11,
    0x33,0x43,0x24,0x11,0x33,0x33,0x22,0x11,0x33,0x33,0x33,0x88,0x33,0x86,0x88,0x55,
    0xE1,0x41,0x00,0x00,0x11,0x11,0x04,0x00,0x11,0x21,0x00,0x00,0x11,0x41,0x00,0x00,
    0x21,0x03,0x00,0x00,0x81,0x08,0x00,0x00,0x5F,0xF5,0x00,0x00,0x66,0x0F,0x00,0x00,
    0x00,0x00,0x00,0x00,0x00,0x00,0x00,0x00,0x00,0x00,0x00,0x00,0x00,0x00,0x00,0x00,
    0x00,0x00,0x00,0x00,0x00,0x00,0x00,0x00,0x00,0x00,0x00,0x00,0x00,0x00,0x00,0x00,
    0x00,0x00,0x00,0x00,0x00,0x00,0x00,0x00,0x00,0x00,0x00,0x00,0x00,0x00,0x00,0x00,
    0x00,0x00,0x00,0x00,0x00,0x00,0x00,0x00,0x00,0x00,0x00,0x00,0x00,0x00,0x00,0x00,
    0x30,0x23,0xDD,0x04,0x13,0xD4,0xCC,0x04,0x23,0xC4,0xCC,0x4C,0x43,0xCC,0xCC,0xCC,
    0xC3,0xDC,0x7D,0xC7,0xC4,0x7D,0x66,0x87,0xD4,0x67,0x86,0xC8,0x74,0x66,0xD8,0xCC,
    0x00,0x00,0x00,0x00,0x00,0x40,0x04,0x00,0x00,0x14,0x31,0x00,0x44,0x22,0x31,0x00,
    0xDC,0x22,0x03,0x00,0xCC,0x3C,0x00,0x00,0xDC,0x4D,0x00,0x00,0xDC,0x4D,0x00,0x00,
    0x00,0x00,0x00,0x00,0x00,0x00,0x00,0x00,0x00,0x00,0x00,0x00,0x00,0x00,0x00,0x00,
    0x00,0x00,0x00,0x00,0x00,0x00,0x00,0x00,0x00,0x00,0x00,0x00,0x00,0x00,0x00,0xBB,
    0x00,0xF0,0x86,0xF8,0x00,0x00,0x6F,0x66,0x00,0x00,0xF0,0x66,0x00,0x00,0xF0,0xBB,
    0x00,0xF0,0x4F,0x99,0xF0,0x9F,0x99,0x99,0xAF,0xBA,0xAA,0xAA,0xAA,0xAA,0xAB,0xAA,
    0x88,0x56,0x55,0x76,0x66,0x66,0x76,0x88,0x66,0x76,0x88,0x88,0xBB,0xB4,0xBB,0xAB,
    0x99,0x99,0x99,0x99,0x99,0x99,0x99,0x99,0xAA,0xAA,0xBB,0xAA,0xAA,0xAA,0xBB,0xBB,
    0xF8,0x00,0x00,0x00,0x88,0xF8,0x08,0x00,0xAA,0x67,0x86,0x08,0xAA,0xBA,0xAB,0x4A,
    0x99,0x99,0x99,0x99,0x99,0x99,0x99,0x99,0xBA,0xAB,0xBB,0xAA,0xBB,0xBB,0xBB,0xBA,
    0x00,0x00,0x00,0x00,0x00,0x00,0x00,0x00,0x00,0x00,0x00,0x00,0x0B,0x00,0x00,0x00,
    0x94,0x00,0x00,0x00,0x99,0x84,0x00,0x00,0xAA,0x55,0x44,0x04,0xAA,0x85,0x11,0x41,
    0x00,0x00,0x00,0x00,0x00,0x00,0x00,0x00,0x00,0x00,0x00,0x00,0x00,0x00,0x00,0x00,
    0x00,0x00,0x00,0x00,0x00,0x00,0x00,0x00,0x00,0x00,0x00,0x00,0x44,0x04,0x00,0x00,
    0x70,0x86,0xDD,0xCD,0x00,0xD8,0xDD,0xDD,0x00,0x44,0xDD,0x8D,0x00,0x40,0xFD,0x56,
    0x00,0x00,0x8F,0x56,0x00,0x00,0x68,0xAB,0x00,0x00,0xBF,0xBB,0x00,0x00,0xBF,0x6B,
    0xDD,0x04,0x00,0x00,0x44,0x00,0x00,0x00,0xF8,0x00,0x00,0x00,0x55,0x08,0x00,0x00,
    0xAA,0x0F,0x00,0x00,0xAA,0x8A,0x00,0x00,0x55,0xF5,0x00,0x00,0xF6,0xFF,0x04,0x00,
    0x00,0x00,0xB0,0xAA,0x00,0x00,0xB0,0xAA,0x00,0x00,0xA8,0xAA,0x00,0x00,0xA8,0xAA,
    0x00,0x80,0xA5,0xBA,0x00,0x68,0xA5,0xAB,0x40,0x81,0xA5,0xAA,0x14,0x11,0xB8,0xAA,
    0xAA,0xBB,0xBA,0xAB,0xAA,0xBA,0xBB,0xBB,0xAB,0xAA,0xAA,0xAA,0xAB,0xAA,0xAA,0xFA,
    0xAA,0xAA,0xAA,0xBF,0xAA,0xAB,0xAA,0xBF,0xAA,0xAB,0xFA,0xBB,0xFA,0xBF,0xFA,0xBB,
    0xAA,0xFA,0xBB,0xBB,0xFB,0xBA,0xAA,0xBA,0xAF,0xAA,0xAA,0xAA,0xAB,0xAA,0xAA,0xAA,
    0xBB,0xAA,0xAA,0xAA,0xBB,0xBA,0xAB,0xAA,0xBB,0xBA,0xBB,0xBA,0xBB,0xBA,0xAB,0xAB,
    0xBB,0xBB,0xBB,0xBA,0xBB,0xBB,0xAB,0xBB,0xBA,0xBB,0xAB,0xBB,0xAA,0xBA,0xBB,0xFF,
    0xAA,0xAA,0xBB,0x0F,0xAA,0xAA,0xBB,0x00,0xAA,0xBA,0x0A,0xFF,0xAB,0xBB,0xFA,0xDD,
    0xBB,0x85,0x11,0x11,0xBB,0x28,0x11,0x11,0xBB,0x28,0x22,0x12,0xBF,0x28,0x22,0x22,
    0xF0,0x4F,0x24,0x22,0x00,0x00,0x4F,0x24,0x04,0xF0,0xFF,0x44,0xFD,0xBF,0x88,0x44,
    0x11,0x41,0x44,0x00,0x11,0x11,0x21,0x04,0x11,0x11,0x21,0x04,0x12,0x11,0x22,0x42,
    0x22,0x22,0x22,0x42,0x22,0x32,0x23,0x42,0x24,0x22,0x33,0x04,0x44,0x34,0x43,0x00,
    0x00,0x00,0xF0,0x86,0x00,0x00,0xF0,0xF8,0x00,0x00,0x00,0x38,0x00,0x00,0x00,0x4F,
    0x00,0x00,0x00,0x00,0x00,0x00,0x00,0x00,0x00,0x00,0x00,0x00,0x00,0x00,0x00,0x00,
    0x2F,0x11,0x21,0x44,0x22,0x11,0x31,0x11,0x23,0x12,0x13,0x11,0x33,0x12,0x11,0x11,
    0x34,0x22,0x11,0x22,0x34,0x23,0x22,0x32,0x40,0x33,0x33,0x33,0x00,0x34,0x33,0x33,
    0x11,0x11,0xB2,0xAA,0x11,0x21,0xB2,0xFA,0x11,0x22,0x33,0x0F,0x22,0x32,0x43,0x00,
    0x32,0x33,0x04,0x00,0x33,0x43,0x00,0x00,0x33,0x43,0x00,0x00,0x33,0x04,0x00,0x00,
    0x0F,0xF0,0xBF,0xBB,0x00,0xF0,0xBF,0xBB,0x00,0xF0,0xBF,0xBB,0x00,0xF0,0xBA,0xBB,
    0x00,0xF0,0xBA,0xBB,0x00,0x00,0xBF,0xBB,0x00,0x00,0xAF,0xBB,0x00,0x00,0xAF,0xBA,
    0xBB,0xBA,0xBB,0xBB,0xBB,0xBA,0xBB,0xBB,0xBB,0xBA,0xBB,0xAB,0xBB,0xAA,0xBA,0xBA,
    0xBB,0x9A,0xA9,0xBB,0xBB,0x9A,0xA9,0xBB,0xBB,0x9A,0xBA,0xBB,0xBB,0xAA,0xBA,0xBB,
    0xBA,0xBB,0xFA,0xDD,0xBA,0xBB,0xFA,0xD4,0xBB,0xBB,0xFA,0x43,0xBB,0xBB,0xFA,0x43,
    0xBB,0xBB,0xAA,0xBB,0xBB,0xBB,0xFA,0x00,0xBB,0xBB,0x0F,0x00,0xBB,0xAB,0x0F,0x00,
    0xDD,0xBF,0x88,0x48,0xDD,0x8F,0xBB,0x88,0xDD,0xF8,0x8F,0xFF,0xBB,0xDD,0x44,0x84,
    0x44,0x44,0x84,0x08,0xBB,0x88,0x08,0x00,0x00,0x00,0x00,0x00,0x00,0x00,0x00,0x00,
    0x44,0x44,0x04,0x00,0xF7,0x08,0x00,0x00,0x00,0x00,0x00,0x00,0x00,0x00,0x00,0x00,
    0x00,0x00,0x00,0x00,0x00,0x00,0x00,0x00,0x00,0x00,0x00,0x00,0x00,0x00,0x00,0x00,
    0x00,0x00,0x00,0x00,0x00,0x00,0x00,0x00,0x00,0x00,0x00,0x00,0x00,0x00,0x00,0x00,
    0x00,0x00,0x00,0x00,0x00,0x00,0x00,0x00,0x00,0x00,0x00,0x00,0x00,0x00,0x00,0x00,
    0x00,0x00,0x00,0x00,0x00,0x00,0x00,0x00,0x00,0x00,0x00,0x00,0x00,0x00,0x00,0x00,
    0x00,0x00,0x00,0x00,0x00,0x00,0x00,0x00,0x00,0x00,0x00,0x00,0x00,0x00,0x00,0x00,
    0x00,0x00,0x00,0x00,0x00,0x00,0x00,0x00,0x00,0x00,0x00,0x00,0x00,0x00,0x00,0x00,
    0x00,0x00,0x00,0x00,0x00,0x00,0x00,0x00,0x00,0x00,0x00,0x00,0x00,0x00,0x00,0x00,
    0x00,0x00,0x00,0x00,0x00,0x00,0x00,0x00,0x00,0x00,0x00,0x00,0x00,0x00,0x00,0x00,
    0x00,0x00,0x00,0x00,0x00,0x00,0x00,0x00,0x00,0x00,0x00,0x00,0x00,0x00,0x00,0x00,
    0x00,0x00,0x00,0x00,0x00,0x00,0x00,0x00,0x00,0x00,0x00,0x00,0x00,0x00,0x00,0x00,
    0x00,0x00,0x00,0x00,0x00,0x00,0x00,0x00,0x00,0x00,0x00,0x00,0x00,0x00,0x00,0x00,
    0x00,0x00,0x00,0x00,0x00,0x00,0x00,0x00,0x00,0x00,0x00,0x00,0x00,0x00,0x00,0x00,
    0x00,0x00,0x00,0x00,0x00,0x00,0x00,0x00,0x00,0x00,0x00,0x00,0x00,0x00,0x00,0x00,
    0x00,0x00,0x00,0x00,0x00,0x00,0x00,0x00,0x00,0x00,0x00,0x00,0x00,0x00,0x00,0x00,
    0x00,0x00,0x00,0x00,0x00,0x00,0x00,0x00,0x00,0x00,0x00,0x00,0x00,0x00,0x00,0x00,
    0x00,0x00,0x00,0x00,0x00,0x00,0x00,0x00,0x00,0x00,0x00,0x00,0x00,0x00,0x00,0x00,
    0x00,0x00,0x00,0x00,0x00,0x00,0x00,0x00,0x00,0x00,0x00,0x00,0x00,0x00,0x00,0x00,
    0x00,0x00,0x00,0x00,0x00,0x00,0x00,0x00,0x00,0x00,0x00,0x00,0x00,0x00,0x00,0x00,
    0x00,0x00,0x00,0x00,0x00,0x00,0x00,0x00,0x00,0x00,0x00,0x00,0x00,0x00,0x00,0x00,
    0x00,0x00,0x00,0x00,0x00,0x00,0x00,0x00,0x00,0x00,0x00,0x00,0x00,0x00,0x00,0x00,
    0x00,0x00,0x00,0x00,0x00,0x00,0x00,0x00,0x00,0x00,0x00,0x00,0x00,0x00,0x00,0x00,
    0x00,0x00,0x00,0x00,0x00,0x00,0x00,0x00,0x00,0x00,0x00,0x00,0x00,0x00,0x00,0x00,
    0x00,0x00,0x00,0x00,0x00,0x00,0x00,0x00,0x00,0x00,0x00,0x00,0x00,0x00,0x00,0x00,
    0x00,0x00,0x00,0x00,0x00,0x00,0x00,0x00,0x00,0x00,0x00,0x00,0x00,0x00,0x00,0x00,
    0x00,0x00,0x00,0x00,0x00,0x00,0x00,0x00,0x00,0x00,0x00,0x00,0x00,0x00,0x00,0x00,
    0x00,0x00,0x00,0x00,0x00,0x00,0x00,0x00,0x00,0x00,0x00,0x00,0x00,0x00,0x00,0x00,
    0x00,0x00,0x00,0x00,0x00,0x00,0x00,0x00,0x00,0x55,0x05,0x00,0x55,0xEE,0x5E,0x55,
    0x00,0x00,0x00,0x00,0x00,0x00,0x00,0x00,0x00,0x00,0x00,0x00,0x00,0x00,0x00,0x00,
    0x00,0x00,0x00,0x00,0x00,0x00,0x00,0x00,0x00,0x00,0x00,0x00,0x00,0x00,0x00,0x00,
    0x00,0x00,0x00,0x00,0x00,0x00,0x00,0x00,0x00,0x00,0x00,0x00,0x00,0x00,0x00,0x00,
    0x00,0x00,0x00,0x00,0x00,0x00,0x00,0x00,0x00,0x00,0x00,0x00,0x00,0x00,0x00,0x00,
    0x00,0x00,0x00,0x00,0x00,0x00,0x00,0x00,0x00,0x00,0x00,0x00,0x00,0x00,0x00,0x00,
    0x00,0x00,0x00,0x00,0x00,0x00,0x00,0x00,0x00,0x00,0x00,0x00,0x00,0x00,0x00,0x00,
    0x00,0x00,0x00,0x00,0x00,0x00,0x00,0x00,0x00,0x00,0x00,0x00,0x00,0x00,0x00,0x00,
    0x00,0x00,0x00,0x00,0x00,0x00,0x00,0x00,0x00,0x00,0x00,0x00,0x00,0x00,0x00,0x00,
    0x00,0x00,0x00,0x00,0x00,0x00,0x00,0x00,0x00,0x00,0x00,0x00,0x00,0x00,0x00,0x00,
    0x00,0x00,0x00,0x00,0x00,0x00,0x00,0x00,0x00,0x00,0x00,0x00,0x00,0x00,0x00,0x00,
    0x00,0x00,0x00,0x00,0x00,0x00,0x55,0x55,0x00,0x00,0xE6,0x9E,0x00,0x00,0x95,0xEE,
    0x00,0x00,0x50,0xE9,0x00,0x00,0x60,0x99,0x00,0x00,0x60,0xE5,0x00,0x00,0x60,0xEE,
    0x00,0x00,0x00,0x55,0x00,0x00,0x55,0xEE,0x55,0x55,0xEE,0xEE,0xEE,0xE5,0xEE,0xEE,
    0x9E,0xEE,0xEE,0xEE,0xEE,0xEE,0xEE,0xEE,0xEE,0xE9,0xE9,0xEE,0x9E,0x9E,0xEE,0xEE,
    0xEE,0xEE,0xEE,0x7E,0xEE,0xEE,0xEE,0xEE,0xEE,0xEE,0xEE,0xEE,0xEE,0xEE,0x99,0x99,
    0xEE,0x9E,0x99,0x99,0xEE,0x9E,0x99,0x99,0xEE,0x99,0x99,0x99,0xEE,0x99,0x99,0x99,
    0x77,0x08,0x00,0x00,0x59,0x7B,0x08,0x00,0x9E,0x79,0x77,0x00,0x99,0x99,0xA7,0x08,
    0x99,0x59,0xA7,0x08,0x99,0x79,0xBB,0x8A,0x99,0xB7,0xBB,0x8A,0x75,0xBB,0xBB,0xAB,
    0x00,0x00,0x00,0x00,0x00,0x00,0x00,0x00,0x00,0x00,0x00,0x00,0x00,0x00,0x00,0x00,
    0x00,0x00,0x00,0x00,0x00,0x00,0x00,0x00,0x00,0x00,0x00,0x00,0x08,0x00,0x00,0x00,
    0x00,0x00,0x00,0x00,0x00,0x00,0x00,0x00,0x00,0x00,0x00,0x00,0x00,0x00,0x00,0x00,
    0x00,0x00,0x00,0x00,0x00,0x00,0x00,0x00,0x00,0x00,0x00,0x00,0x00,0x00,0x00,0x00,
    0x00,0x00,0x00,0x00,0x00,0x00,0x30,0x04,0x00,0x00,0x13,0x42,0x00,0x30,0x21,0x42,
    0x00,0x30,0x22,0xDD,0x00,0x00,0xD4,0xCC,0x00,0x40,0xC4,0xCC,0x00,0x40,0xDC,0xCC,
    0x00,0x00,0x00,0x00,0x00,0x00,0x00,0x00,0x00,0x00,0x34,0x03,0x00,0x00,0x14,0x32,
    0x04,0x00,0x24,0x32,0x4C,0x44,0x22,0x63,0xCC,0xCC,0xCC,0x03,0x77,0xCC,0xDD,0x04,
    0x00,0x00,0xE6,0x9E,0x00,0x60,0x99,0x99,0x00,0x96,0x99,0x99,0x60,0x99,0x99,0x99,
    0x96,0x99,0x99,0x99,0x99,0x99,0x66,0x99,0x66,0x06,0x00,0x96,0x00,0x00,0x00,0x96,
    0x99,0xE9,0xE9,0xEE,0x99,0x99,0x99,0xEE,0x99,0x99,0x99,0xE9,0x99,0x99,0x99,0xE8,
    0x99,0x99,0x69,0x98,0x99,0x99,0x69,0x88,0x99,0x99,0xF6,0xFF,0x99,0x99,0xF6,0xFF,
    0x9E,0x99,0x99,0xFF,0x9E,0x99,0xFF,0xBB,0x99,0xF9,0xBB,0xBB,0x99,0x89,0xBB,0xBB,
    0x99,0x89,0xBB,0xBB,0x99,0x89,0xBB,0xBB,0x99,0x58,0xBB,0xBB,0x98,0x68,0xB5,0xBB,
    0xBB,0xBB,0xBB,0xAB,0xBB,0xBB,0xBB,0xBB,0xBB,0xBB,0xBB,0x88,0xBB,0xBB,0xBB,0x42,
    0xBB,0xBB,0x88,0x34,0xBB,0x8B,0x22,0x47,0x8B,0x28,0xE2,0x2F,0x8F,0x22,0xE2,0x27,
    0x08,0x00,0x00,0x00,0x08,0x00,0x00,0x00,0x00,0x00,0x00,0x00,0x00,0x00,0x00,0x00,
    0x00,0x00,0x00,0x00,0x00,0x00,0x00,0x00,0x00,0x00,0x00,0x00,0x00,0x00,0x00,0x00,
    0x00,0x00,0x00,0x00,0x00,0x00,0x00,0x00,0x00,0x00,0x00,0x00,0x00,0x00,0x00,0x00,
    0x00,0x00,0x00,0x00,0x00,0x00,0x00,0x00,0x00,0x00,0x00,0x00,0x00,0x00,0x00,0x00,
    0x00,0x40,0xCC,0x7D,0x00,0x00,0xC4,0x67,0x00,0x00,0xC3,0x6D,0x00,0x00,0xC4,0x67,
    0x00,0x00,0xD0,0x67,0x00,0x00,0x00,0x40,0x00,0x00,0x00,0x00,0x00,0x00,0x00,0x00,
    0x77,0xC8,0xDD,0x4D,0x86,0xC8,0xDC,0x4D,0x86,0xCD,0x4D,0x84,0x86,0xDD,0x7D,0x55,
    0x86,0xDD,0x78,0xA7,0x44,0x44,0x78,0xAA,0x00,0xF0,0xB7,0x7B,0x00,0xF0,0xB7,0x77,
    0x00,0x00,0x00,0x60,0x00,0x00,0x00,0x60,0x07,0x00,0x00,0x00,0x75,0x00,0x00,0x00,
    0x8A,0x00,0x00,0x00,0xAA,0x07,0x00,0x00,0x55,0x07,0x00,0x00,0xFF,0x08,0x00,0x00,
    0x99,0x69,0xFF,0xFF,0x99,0x69,0xFF,0xFF,0x96,0xF6,0xFF,0xFF,0x96,0xF6,0xFF,0xFF,
    0x60,0x00,0xFF,0xFF,0x00,0x00,0x80,0xFF,0x00,0x00,0x00,0xFF,0x00,0x00,0x00,0xF0,
    0x9F,0x88,0x66,0xFF,0xFF,0xF8,0xF6,0x28,0x8F,0x8F,0x88,0x24,0xF8,0xF8,0x88,0x43,
    0x8F,0x8F,0x88,0x43,0x88,0x88,0x38,0x33,0x8F,0x88,0x38,0x33,0xFF,0xFF,0xFF,0x88,
    0x83,0x21,0xE2,0x25,0x13,0x11,0x11,0x1E,0x13,0x11,0x11,0x11,0x13,0x11,0x11,0x11,
    0x32,0x11,0x11,0x11,0x44,0x12,0x11,0x32,0x23,0x12,0x11,0x41,0x33,0x33,0x11,0x02,
    0x04,0x00,0x00,0x00,0x04,0x00,0x00,0x00,0x41,0x00,0x00,0x00,0x02,0x00,0x00,0x00,
    0x04,0x00,0x00,0x00,0x00,0x00,0x00,0x00,0x00,0x00,0x00,0x00,0x00,0x00,0x00,0x00,
    0x00,0x00,0x00,0x00,0x00,0x00,0x00,0x00,0x00,0x00,0x00,0x00,0x00,0x00,0x00,0x00,
    0x00,0x00,0x00,0x00,0x00,0x00,0x00,0x00,0x00,0x00,0x00,0x00,0x00,0x00,0x00,0x00,
    0x00,0x00,0x00,0x00,0x00,0x00,0x00,0x00,0x00,0x00,0x00,0x00,0x00,0x00,0x00,0x00,
    0x00,0x00,0x00,0x00,0x00,0x00,0x00,0x00,0x00,0x00,0x00,0x00,0x00,0x00,0x00,0x00,
    0x00,0x00,0x7F,0xFF,0x00,0x00,0xFF,0x23,0x00,0x00,0xF0,0x23,0x00,0x00,0xF0,0x23,
    0x00,0x00,0x00,0x34,0x00,0x00,0x00,0x34,0x00,0x00,0x00,0x34,0x00,0x00,0x00,0x34,
    0x11,0x04,0x00,0x00,0x11,0x41,0x00,0x00,0x11,0x41,0x00,0x00,0x12,0x21,0x04,0x00,
    0x12,0x11,0x44,0x44,0x22,0x31,0x11,0x22,0x23,0x11,0x22,0x33,0x23,0x22,0x33,0x33,
    0x00,0x00,0x00,0x00,0x00,0x00,0x00,0x00,0x00,0x00,0x00,0x88,0x40,0xFF,0xBF,0xBB,
    0x33,0x93,0x99,0x99,0x33,0x99,0x99,0x99,0x33,0xBF,0xBB,0xBB,0x33,0xBF,0xBB,0xBB,
    0x8F,0x88,0x66,0x65,0xF0,0x88,0x67,0x66,0xFF,0xFF,0x88,0x67,0xBB,0xBB,0xBB,0xBB,
    0x99,0x99,0x99,0x94,0x99,0x99,0x99,0x99,0xBB,0xAA,0xAA,0xBB,0xBB,0xFB,0xBF,0xAA,
    0xFF,0xFF,0xFF,0x00,0x56,0x55,0xF5,0x00,0x66,0x66,0xF6,0x00,0xBA,0xBB,0x0F,0x00,
    0x99,0x99,0x0F,0x00,0x94,0xF9,0x00,0x00,0xBB,0xBB,0x0F,0x00,0xBB,0xBB,0x0F,0x00,
    0x00,0x00,0x00,0x00,0x00,0x00,0x00,0x00,0x00,0x00,0x00,0x00,0x00,0x00,0x00,0x00,
    0x00,0x00,0x00,0x00,0x00,0x00,0x00,0x00,0x00,0x00,0x00,0x00,0x00,0x00,0x00,0x00,
    0x00,0x00,0x00,0x00,0x00,0x00,0x00,0x00,0x00,0x00,0x00,0x00,0x00,0x00,0x00,0x00,
    0x00,0x00,0x00,0x00,0x00,0x00,0x00,0x00,0x00,0x00,0x00,0x00,0x00,0x00,0x00,0x00,
    0x00,0x00,0x00,0x00,0x00,0x00,0x00,0x00,0x00,0x00,0x00,0x00,0x00,0x00,0x00,0x00,
    0x00,0x00,0x00,0x00,0x00,0x00,0x00,0x00,0x00,0x00,0x00,0x00,0x00,0x00,0x00,0x00,
    0x00,0x00,0x00,0x40,0x00,0x00,0x00,0x40,0x00,0x00,0x00,0x00,0x00,0x00,0x00,0x00,
    0x00,0x00,0x00,0x00,0x00,0x00,0x00,0x00,0x00,0x00,0x00,0x00,0x00,0x00,0x00,0x00,
    0x33,0x33,0x33,0x33,0x33,0x33,0x33,0x33,0x34,0x33,0x33,0x43,0x40,0x44,0x44,0x04,
    0x00,0x00,0x00,0x00,0x00,0x00,0x00,0x00,0x00,0x00,0x00,0xA0,0x00,0x00,0x00,0xBA,
    0x33,0xBB,0xBB,0xBB,0x33,0xFB,0xBB,0xFB,0x44,0xFF,0xFF,0xBF,0x00,0xA0,0xFA,0xBB,
    0xA0,0xAA,0xAA,0xAA,0xAA,0xAA,0xAA,0xAA,0xAB,0xAA,0xAA,0xAA,0xAB,0xAA,0xAA,0xAA,
    0xFB,0xAF,0xAA,0xAA,0xBF,0xAA,0xAA,0xAA,0xBB,0xAB,0xAA,0xBB,0xBB,0xBB,0xBA,0xAB,
    0xBB,0xAB,0xBB,0xAB,0xAA,0xBB,0xFB,0xAB,0xBA,0xAA,0xFB,0xBB,0xBB,0xBB,0xFB,0xBB,
    0xBA,0xBB,0xFB,0x00,0xBB,0xAA,0xFB,0x00,0xAA,0xAA,0xBA,0x0F,0xAA,0xAA,0xBA,0x0F,
    0xAA,0xAA,0xBA,0x0F,0xAA,0xAA,0xBA,0x0F,0xAA,0xAA,0xBA,0x0F,0xAB,0xAA,0xFB,0x00,
    0x00,0x00,0x00,0x00,0x00,0x00,0x00,0x00,0x00,0x00,0x00,0x00,0x00,0x00,0x00,0x00,
    0x00,0x00,0x00,0x00,0x00,0x00,0x00,0x00,0x00,0x00,0x00,0x00,0x00,0x00,0x00,0x00,
    0x00,0x00,0x00,0x00,0x00,0x00,0x00,0x00,0x00,0x00,0x00,0x00,0x00,0x00,0x00,0x00,
    0x00,0x00,0x00,0x00,0x00,0x00,0x00,0x00,0x00,0x00,0x00,0x00,0x00,0x00,0x00,0x00,
    0x00,0x00,0x00,0x00,0x00,0x00,0x00,0x00,0x00,0x00,0x00,0x00,0x00,0x00,0x00,0x00,
    0x00,0x00,0x00,0x00,0x00,0x00,0x00,0x00,0x00,0x00,0x00,0x00,0x00,0x00,0x00,0x00,
    0x00,0x00,0x00,0x00,0x00,0x00,0x00,0x00,0x00,0x00,0x00,0x00,0x00,0x00,0x00,0x00,
    0x00,0x00,0x00,0x00,0x00,0x00,0x00,0x00,0x00,0x00,0x00,0x00,0x00,0x00,0x00,0x00,
    0x00,0x00,0x00,0xBA,0x00,0x00,0xA0,0xBB,0x00,0x00,0xA0,0xBB,0x00,0x00,0xA0,0xBB,
    0x00,0x00,0xB8,0xAA,0x00,0x00,0xA8,0x99,0x00,0x00,0xA8,0xA9,0x00,0x00,0xA8,0xAA,
    0xBB,0xAA,0xAA,0xBB,0xBB,0xBB,0xBB,0xBB,0xBB,0xBB,0xBB,0xAA,0xBB,0xBB,0xAB,0xBB,
    0xBB,0xAB,0xBA,0xBB,0xAA,0xAA,0xBB,0xBB,0xBA,0xBA,0xBB,0xBB,0xBB,0xBA,0xBB,0xBB,
    0xBB,0xBB,0xFF,0xBB,0xAA,0xBB,0xBF,0xFF,0xBB,0xBB,0x2F,0x11,0xBB,0xFB,0x12,0x11,
    0xBB,0xFB,0x11,0x32,0xBB,0x3F,0x12,0x11,0xFB,0x33,0x23,0x12,0xFB,0x33,0x33,0x23,
    0xBB,0xBB,0xFB,0x00,0xFF,0xBB,0x0F,0x00,0x11,0xFF,0x0F,0x00,0x11,0x41,0x00,0x00,
    0x33,0x31,0x00,0x00,0x11,0x43,0x04,0x00,0x11,0x11,0x41,0x44,0x22,0x11,0x11,0x11,
    0x00,0x00,0x00,0x00,0x00,0x00,0x00,0x00,0x00,0x00,0x00,0x00,0x00,0x00,0x00,0x00,
    0x00,0x00,0x00,0x00,0x00,0x00,0x00,0x00,0x00,0x00,0x00,0x00,0x44,0x00,0x00,0x00,
    0x00,0x00,0x00,0x00,0x00,0x00,0x00,0x00,0x00,0x00,0x00,0x00,0x00,0x00,0x00,0x00,
    0x00,0x00,0x00,0x00,0x00,0x00,0x00,0x00,0x00,0x00,0x00,0x00,0x00,0x00,0x00,0x00,
    0x00,0x00,0x00,0x00,0x00,0x00,0x00,0x00,0x00,0x00,0x00,0x00,0x00,0x00,0x00,0x00,
    0x00,0x00,0x00,0x00,0x00,0x00,0x00,0x00,0x00,0x00,0x00,0x00,0x00,0x00,0x00,0x00,
    0x00,0x00,0x00,0x00,0x00,0x00,0x00,0x00,0x00,0x00,0x00,0x00,0x00,0x00,0x00,0x00,
    0x00,0x00,0x00,0x00,0x00,0x00,0x00,0x00,0x00,0x00,0x00,0x00,0x00,0x00,0x00,0x00,
    0x00,0x00,0x00,0x00,0x00,0x00,0x00,0x00,0x00,0x00,0x00,0x00,0x00,0x00,0x00,0x00,
    0x00,0x00,0x00,0x00,0x00,0x00,0x00,0x00,0x00,0x00,0x00,0x00,0x00,0x00,0x00,0x00,
    0x00,0x00,0x00,0x00,0x00,0x00,0x00,0x00,0x00,0x00,0x00,0x00,0x00,0x00,0x00,0x00,
    0x00,0x00,0x00,0x00,0x00,0x00,0x00,0x00,0x00,0x00,0x00,0x00,0x00,0x00,0x00,0x00,
    0x00,0x00,0x00,0x00,0x00,0x00,0x00,0x00,0x00,0x00,0x00,0x00,0x00,0x00,0x00,0x00,
    0x00,0x00,0x00,0x00,0x00,0x00,0x00,0x00,0x00,0x00,0x00,0x00,0x00,0x00,0x00,0x00,
    0x00,0x00,0x00,0x00,0x00,0x00,0x00,0x00,0x00,0x00,0x00,0x00,0x00,0x00,0x00,0x00,
    0x00,0x00,0x00,0x00,0x00,0x00,0x00,0x00,0x00,0x00,0x00,0x00,0x00,0x00,0x00,0x00,
    0x00,0x00,0x00,0x00,0x00,0x00,0x00,0x00,0x00,0x00,0x00,0x00,0x00,0x00,0x00,0x00,
    0x00,0x00,0x00,0x00,0x00,0x00,0x00,0x00,0x00,0x00,0x00,0x00,0x00,0x00,0x00,0x00,
    0x00,0x00,0x00,0x00,0x00,0x00,0x00,0x00,0x00,0x00,0x00,0x00,0x00,0x00,0x00,0x00,
    0x00,0x00,0x00,0x00,0x00,0x00,0x00,0x00,0x00,0x00,0x00,0x00,0x00,0x00,0x00,0x00,
    0x00,0x00,0x00,0x00,0x00,0x00,0x00,0x00,0x00,0x00,0x00,0x00,0x00,0x00,0x00,0x00,
    0x00,0x00,0x00,0x00,0x00,0x00,0x00,0x00,0x00,0x00,0x00,0x00,0x00,0x00,0x00,0x00,
    0x00,0x00,0x00,0x00,0x00,0x00,0x00,0x00,0x00,0x00,0x00,0x00,0x00,0x00,0x00,0x00,
    0x00,0x00,0x00,0x00,0x00,0x00,0x00,0x00,0x00,0x00,0x00,0x00,0x00,0x00,0x00,0x00,
    0x00,0x00,0x00,0x00,0x00,0x00,0x00,0x00,0x00,0x00,0x00,0x00,0x00,0x00,0x00,0x00,
    0x00,0x00,0x00,0x00,0x00,0x00,0x00,0x00,0x00,0x00,0x00,0x00,0x00,0x00,0x00,0x50,
    0x00,0x00,0x00,0x00,0x00,0x00,0x00,0x00,0x00,0x00,0x00,0x00,0x00,0x00,0x00,0x00,
    0x00,0x00,0x00,0x00,0x00,0x00,0x00,0x00,0x00,0x00,0x00,0x00,0x55,0x00,0x00,0x00,
    0x00,0x00,0x00,0x00,0x00,0x00,0x00,0x00,0x00,0x00,0x00,0x00,0x00,0x00,0x00,0x00,
    0x00,0x00,0x00,0x00,0x00,0x00,0x00,0x00,0x00,0x00,0x00,0x00,0x00,0x00,0x00,0x00,
    0x00,0x00,0x00,0x00,0x00,0x00,0x00,0x00,0x00,0x00,0x00,0x00,0x00,0x00,0x00,0x00,
    0x00,0x00,0x00,0x00,0x00,0x00,0x00,0x00,0x00,0x00,0x00,0x00,0x00,0x00,0x00,0x00,
    0x00,0x00,0x00,0x00,0x00,0x00,0x00,0x00,0x00,0x00,0x00,0x00,0x00,0x00,0x00,0x00,
    0x00,0x00,0x00,0x00,0x00,0x00,0x00,0x00,0x00,0x00,0x00,0x00,0x00,0x00,0x00,0x00,
    0x00,0x00,0x00,0x00,0x00,0x00,0x00,0x00,0x00,0x00,0x00,0x00,0x00,0x00,0x00,0x00,
    0x00,0x00,0x00,0x00,0x00,0x00,0x00,0x00,0x00,0x00,0x00,0x00,0x00,0x00,0x00,0x00,
    0x00,0x00,0x00,0x00,0x00,0x00,0x00,0x00,0x00,0x00,0x00,0x00,0x00,0x00,0x00,0x00,
    0x00,0x00,0x00,0x00,0x00,0x00,0x00,0x00,0x00,0x00,0x00,0x00,0x00,0x00,0x00,0x00,
    0x00,0x00,0x00,0x00,0x00,0x00,0x00,0x00,0x50,0x55,0x05,0x00,0x60,0xEE,0x59,0x55,
    0x50,0xE9,0xEE,0x5E,0x00,0x95,0xEE,0xE9,0x00,0x96,0xE9,0xEE,0x00,0x56,0xEE,0x9E,
    0x00,0x00,0x50,0xE5,0x00,0x50,0xE5,0xEE,0x50,0xE5,0xEE,0xEE,0xE5,0xEE,0xEE,0xEE,
    0xEE,0xEE,0xEE,0xEE,0xEE,0xEE,0xEE,0xEE,0xEE,0xEE,0xEE,0xEE,0x9E,0xEE,0xEE,0x9E,
    0xEE,0x55,0x05,0x00,0xEE,0xEE,0x77,0x87,0xEE,0xEE,0x9E,0xB5,0xEE,0xEE,0xEE,0x99,
    0x9E,0x99,0x99,0x99,0x99,0x99,0x99,0x99,0x99,0x99,0x99,0x99,0x99,0x99,0x99,0x79,
    0x00,0x00,0x00,0x00,0x00,0x00,0x00,0x00,0x8B,0x00,0x00,0x00,0xB7,0x0B,0x00,0x00,
    0x79,0x8A,0x00,0x00,0xB5,0x8A,0x00,0x00,0xB7,0xAB,0x08,0x00,0xBB,0xAB,0x08,0x00,
    0x00,0x00,0x00,0x00,0x00,0x00,0x00,0x00,0x00,0x00,0x00,0x00,0x00,0x00,0x00,0x00,
    0x00,0x00,0x00,0x00,0x00,0x00,0x00,0x00,0x00,0x00,0x00,0x00,0x00,0x00,0x00,0x00,
    0x00,0x00,0x00,0x00,0x00,0x00,0x00,0x00,0x00,0x00,0x00,0x00,0x00,0x00,0x00,0x00,
    0x00,0x00,0x00,0x00,0x00,0x00,0x00,0x00,0x00,0x00,0x00,0x00,0x00,0x00,0x00,0x44,
    0x00,0x00,0x00,0x00,0x00,0x00,0x00,0x00,0x00,0x00,0x00,0x00,0x00,0x00,0x00,0x00,
    0x00,0x00,0x00,0x00,0x00,0x00,0x00,0x00,0x00,0x00,0x00,0x00,0x04,0x00,0x00,0x00,
    0x00,0x00,0x00,0x00,0x00,0x00,0x00,0x00,0x00,0x00,0x00,0x00,0x00,0x00,0x00,0x60,
    0x00,0x00,0x00,0x96,0x00,0x00,0x60,0x99,0x00,0x00,0x96,0x99,0x00,0x00,0x60,0x66,
    0x00,0xE6,0xEE,0xE9,0x60,0xEE,0x99,0x99,0x96,0x99,0x99,0x99,0x99,0x99,0x99,0x99,
    0x99,0x99,0x99,0x99,0x99,0x99,0x99,0x99,0x69,0x96,0x99,0x99,0x00,0x60,0x99,0x99,
    0xE9,0xEE,0xEE,0x9E,0x9E,0xEE,0xEE,0x99,0x99,0xE9,0xEE,0x99,0x99,0x99,0x9E,0x99,
    0x99,0x89,0x9E,0x99,0x99,0x86,0x99,0x99,0x99,0x86,0x98,0x99,0x69,0xFF,0x9F,0x89,
    0x99,0x99,0x59,0xB7,0x99,0xF9,0xBF,0xBB,0xF9,0xBF,0xBB,0xBB,0xBF,0xBB,0xBB,0xBB,
    0xB8,0xBB,0xBB,0xBB,0xB8,0xBB,0xBB,0xBB,0xB8,0xBB,0xBB,0xBB,0xB5,0xBB,0xBB,0x88,
    0xBB,0xBB,0x8A,0x00,0xBB,0xBB,0x8A,0x00,0xBB,0xBB,0x8B,0x00,0xBB,0x8B,0xF8,0x00,
    0xBB,0x2B,0x04,0x00,0x8B,0x48,0x03,0x00,0x28,0x72,0x04,0x40,0x22,0xFE,0x02,0x14,
    0x00,0x00,0x00,0x00,0x00,0x00,0x00,0x00,0x00,0x00,0x00,0xFF,0x00,0x00,0xFF,0x55,
    0x00,0xF0,0xAA,0x5A,0x40,0x58,0xA5,0xAA,0x14,0x81,0x55,0xAA,0x11,0x11,0x58,0xA5,
    0x00,0x00,0x77,0x4C,0x00,0x84,0x66,0xC7,0x40,0xC4,0x68,0x76,0xDF,0xCC,0x8C,0x66,
    0xF6,0xDD,0xDD,0x68,0xF5,0xDD,0xDD,0x78,0x65,0xDF,0xDD,0x8D,0x7A,0xD7,0xDD,0xDD,
    0x33,0x33,0x00,0x00,0x4C,0x12,0x03,0x00,0xDD,0x44,0x03,0x00,0xC8,0xDC,0x32,0x03,
    0xC8,0xCC,0x1D,0x31,0xD7,0xDD,0x1D,0x31,0xD7,0x4D,0x44,0x4D,0xDD,0x04,0x00,0x00,
    0x00,0x00,0x00,0x00,0x00,0x00,0x00,0x00,0x00,0x00,0x00,0x00,0x00,0x00,0x00,0x00,
    0x00,0x00,0x00,0x00,0x00,0x00,0x00,0x00,0x00,0x00,0x00,0x00,0x00,0x00,0x00,0x00,
    0x00,0x60,0x99,0x99,0x00,0x00,0x96,0x99,0x00,0x00,0x96,0x99,0x00,0x00,0x60,0x69,
    0x00,0x00,0x60,0x69,0x00,0x00,0x00,0x06,0x00,0x00,0x00,0x00,0x00,0x00,0x00,0x00,
    0x69,0xFF,0x8F,0x89,0xF6,0xFF,0xFF,0x89,0xF6,0xFF,0xFF,0x8F,0xFF,0xFF,0xFF,0xF8,
    0xFF,0xFF,0x8F,0x8F,0xF0,0xFF,0xFF,0xF8,0x00,0xF8,0x8F,0x88,0x00,0xF0,0xFF,0x88,
    0x56,0xBB,0xFB,0x28,0x68,0xF6,0x3F,0x18,0x6F,0x8F,0x32,0x11,0x88,0x48,0x32,0x11,
    0x8F,0x38,0x34,0x11,0x88,0x38,0x24,0x13,0x88,0x33,0x43,0x24,0x88,0x33,0x33,0x22,
    0x22,0x7E,0xF2,0x11,0x22,0x5E,0x42,0x11,0x11,0xE1,0x41,0x22,0x11,0x11,0x11,0x34,
    0x11,0x11,0x21,0x33,0x11,0x11,0x41,0x33,0x11,0x21,0x43,0x33,0x11,0x11,0x34,0x33,
    0x11,0x11,0x82,0xB6,0x11,0x32,0x83,0x67,0x32,0x33,0x33,0x78,0x33,0x33,0x43,0xFF,
    0x33,0x33,0x04,0x00,0x33,0x43,0x00,0x00,0x43,0x04,0x00,0x00,0x04,0x00,0x00,0x00,
    0x7B,0xDF,0xDD,0xDC,0x7B,0x4F,0xDD,0x2C,0xFF,0x00,0x44,0x23,0x00,0x00,0x00,0x30,
    0x00,0x00,0x00,0x00,0x00,0x00,0x00,0x00,0x00,0x00,0x00,0x00,0x00,0x00,0x00,0x00,
    0x04,0x00,0x00,0x00,0x04,0x00,0x00,0x00,0x42,0x00,0x00,0x00,0x12,0x04,0x00,0x00,
    0x11,0x04,0x00,0x00,0x33,0x00,0x00,0x00,0x00,0x00,0x00,0x00,0x00,0x00,0x00,0x00,
    0x00,0x00,0x00,0x00,0x00,0x00,0x00,0x00,0x00,0x00,0x00,0x00,0x00,0x00,0x00,0x00,
    0x00,0x00,0x00,0x00,0x00,0x00,0x00,0x00,0x00,0x00,0x00,0x00,0x00,0x00,0x00,0x00,
    0x00,0x00,0x00,0x00,0x00,0x00,0x00,0x00,0x00,0x00,0x00,0x00,0x00,0x00,0x00,0x00,
    0x00,0x00,0x00,0xFF,0x00,0x00,0x80,0x99,0x00,0x00,0xB8,0xFB,0x00,0x80,0xFB,0xCF,
    0x00,0x00,0xFF,0x8F,0x00,0x00,0x7F,0xF7,0x00,0x00,0x7F,0x67,0x88,0x88,0x78,0x67,
    0x99,0x88,0x7F,0x77,0x88,0x99,0x89,0x88,0xAA,0xAA,0xAA,0xDB,0x6F,0xAA,0xAA,0xBB,
    0xF8,0x33,0x33,0x23,0xFF,0x34,0x33,0x43,0x56,0x88,0x48,0xF4,0x66,0x56,0x85,0x8F,
    0x66,0x66,0x56,0xF5,0x77,0x66,0x66,0xF6,0xAB,0xAA,0xBB,0xBF,0xBB,0xAA,0xFA,0xFB,
    0x12,0x41,0x33,0x44,0x44,0x34,0x43,0x00,0xFF,0x33,0x04,0x00,0x88,0xFF,0x00,0x00,
    0x88,0x0F,0x00,0x00,0xF8,0x00,0x00,0x00,0x0F,0x00,0x00,0x00,0x00,0x00,0x00,0x00,
    0x00,0x00,0x00,0x00,0x00,0x00,0x00,0x00,0x00,0x00,0x00,0x00,0x00,0x00,0x00,0x00,
    0x00,0x00,0x00,0x00,0x00,0x00,0x00,0x00,0x00,0x00,0x00,0x00,0x00,0x00,0x00,0x00,
    0x00,0x00,0x00,0x00,0x00,0x00,0x00,0x00,0x00,0x00,0x00,0x00,0x00,0x00,0x00,0x00,
    0x00,0x00,0x00,0x00,0x00,0x00,0x00,0x00,0x00,0x00,0x00,0x00,0x00,0x00,0x00,0x00,
    0x00,0x00,0x00,0x00,0x00,0x00,0x00,0x00,0x00,0x00,0x00,0x00,0x00,0x00,0x00,0x00,
    0x00,0x00,0x00,0x00,0x00,0x00,0x00,0x00,0x00,0x00,0x00,0x00,0x00,0x00,0x00,0x00,
    0x00,0x00,0x00,0x00,0x00,0x00,0x00,0x00,0x00,0x00,0x00,0x00,0x00,0x00,0x00,0x00,
    0x00,0x00,0x00,0x80,0x00,0x00,0x00,0x88,0x00,0x00,0x80,0x11,0x00,0x00,0x14,0x11,
    0x00,0xB8,0x5F,0x55,0x40,0x4F,0x55,0x55,0xF0,0x55,0x66,0x55,0x58,0x65,0x77,0x66,
    0x55,0x75,0x77,0x77,0x55,0x76,0x77,0x77,0x78,0x77,0x77,0x77,0x82,0x77,0x77,0xF7,
    0xCC,0xA6,0xAB,0xBB,0xD5,0x6D,0xBA,0xBB,0xD5,0xFD,0xBB,0xBB,0x55,0xDD,0xB6,0xBB,
    0x66,0xDD,0xB8,0xBB,0x77,0xD6,0xBD,0xBB,0x77,0xD7,0xBD,0xBB,0x7F,0x67,0xFD,0xBB,
    0xBB,0xBB,0xBF,0x0F,0xBB,0xBB,0xBB,0x0F,0xBB,0xBB,0xFB,0x00,0xBB,0xBB,0xFB,0x00,
    0xBB,0xBB,0xFB,0x00,0xBB,0xBB,0xFB,0x00,0xBB,0xBB,0xFB,0x00,0xBB,0xAB,0x0F,0x00,
    0x00,0x00,0x00,0x00,0x00,0x00,0x00,0x00,0x00,0x00,0x00,0x00,0x00,0x00,0x00,0x00,
    0x00,0x00,0x00,0x00,0x00,0x00,0x00,0x00,0x00,0x00,0x00,0x00,0x00,0x00,0x00,0x00,
    0x00,0x00,0x00,0x00,0x00,0x00,0x00,0x00,0x00,0x00,0x00,0x00,0x00,0x00,0x00,0x00,
    0x00,0x00,0x00,0x00,0x00,0x00,0x00,0x00,0x00,0x00,0x00,0x00,0x00,0x00,0x00,0x00,
    0x00,0x00,0x00,0x00,0x00,0x00,0x00,0x00,0x00,0x00,0x00,0x00,0x00,0x00,0x00,0x00,
    0x00,0x00,0x00,0x00,0x00,0x00,0x00,0x00,0x00,0x00,0x00,0x00,0x00,0x00,0x00,0x00,
    0x00,0x00,0x00,0x00,0x00,0x00,0x00,0x00,0x00,0x00,0x00,0x00,0x00,0x00,0x00,0x00,
    0x00,0x00,0x00,0x00,0x00,0x00,0x00,0x00,0x00,0x00,0x00,0x00,0x00,0x00,0x00,0x00,
    0x00,0x40,0x11,0x21,0x00,0x14,0x21,0x32,0x00,0x2F,0x32,0x33,0x40,0x33,0x33,0x33,
    0x40,0x33,0x33,0x33,0x34,0x33,0x33,0x83,0x3F,0x33,0x33,0x33,0x3F,0x33,0x33,0x33,
    0x22,0x78,0xF7,0xFF,0x33,0xF3,0xBF,0x7F,0x33,0xBF,0xBB,0x8F,0xF3,0x7B,0x7B,0x8F,
    0x7F,0xB7,0xB7,0x8F,0x7F,0x77,0x77,0x8F,0xF8,0x77,0xF7,0x88,0x33,0x7F,0xF7,0x88,
    0x77,0x77,0xD6,0xBB,0x77,0x77,0xA7,0xBF,0x77,0x77,0xA7,0xBF,0x78,0x77,0xA7,0xBB,
    0x88,0x78,0xA7,0xFB,0x88,0x88,0xB8,0xFB,0x88,0x88,0xB8,0xFB,0x88,0x88,0xB8,0xFB,
    0xBB,0xAB,0x0F,0x00,0xBB,0xBB,0x0F,0x00,0xBB,0xFB,0x00,0x00,0xBB,0xFB,0x00,0x00,
    0xBB,0xFB,0x00,0x00,0xBB,0x0F,0x00,0x00,0xBB,0x0F,0x00,0x00,0xFB,0x00,0x00,0x00,
    0x00,0x00,0x00,0x00,0x00,0x00,0x00,0x00,0x00,0x00,0x00,0x00,0x00,0x00,0x00,0x00,
    0x00,0x00,0x00,0x00,0x00,0x00,0x00,0x00,0x00,0x00,0x00,0x00,0x00,0x00,0x00,0x00,
    0x00,0x00,0x00,0x00,0x00,0x00,0x00,0x00,0x00,0x00,0x00,0x00,0x00,0x00,0x00,0x00,
    0x00,0x00,0x00,0x00,0x00,0x00,0x00,0x00,0x00,0x00,0x00,0x00,0x00,0x00,0x00,0x00,
    0x00,0x00,0x00,0x00,0x00,0x00,0x00,0x00,0x00,0x00,0x00,0x00,0x00,0x00,0x00,0x00,
    0x00,0x00,0x00,0x00,0x00,0x00,0x00,0x00,0x00,0x00,0x00,0x00,0x00,0x00,0x00,0x00,
    0x00,0x00,0x00,0x00,0x00,0x00,0x00,0x00,0x00,0x00,0x00,0x00,0x00,0x00,0x00,0x00,
    0x00,0x00,0x00,0x00,0x00,0x00,0x00,0x00,0x00,0x00,0x00,0x00,0x00,0x00,0x00,0x00,
    0x00,0x00,0x00,0x00,0x00,0x00,0x00,0x00,0x00,0x00,0x00,0x00,0x00,0x00,0x00,0x00,
    0x00,0x00,0x00,0x00,0x00,0x00,0x00,0x00,0x00,0x00,0x00,0x00,0x00,0x00,0x00,0x00,
    0x00,0x00,0x00,0x00,0x00,0x00,0x00,0x00,0x00,0x00,0x00,0x00,0x00,0x00,0x00,0x00,
    0x00,0x00,0x00,0x00,0x00,0x00,0x00,0x00,0x00,0x00,0x00,0x00,0x00,0x00,0x00,0x00,
    0x00,0x00,0x00,0x00,0x00,0x00,0x00,0x00,0x00,0x00,0x00,0x00,0x00,0x00,0x00,0x00,
    0x00,0x00,0x00,0x00,0x00,0x00,0x00,0x00,0x00,0x00,0x00,0x00,0x00,0x00,0x00,0x00,
    0x00,0x00,0x00,0x00,0x00,0x00,0x00,0x00,0x00,0x00,0x00,0x00,0x00,0x00,0x00,0x00,
    0x00,0x00,0x00,0x00,0x00,0x00,0x00,0x00,0x00,0x00,0x00,0x00,0x00,0x00,0x00,0x00,
    0x00,0x00,0x00,0x00,0x00,0x00,0x00,0x00,0x00,0x00,0x00,0x00,0x00,0x00,0x00,0x00,
    0x00,0x00,0x00,0x00,0x00,0x00,0x00,0x00,0x00,0x00,0x00,0x00,0x00,0x00,0x00,0x00,
    0x00,0x00,0x00,0x00,0x00,0x00,0x00,0x00,0x00,0x00,0x00,0x00,0x00,0x00,0x00,0x00,
    0x00,0x00,0x00,0x00,0x00,0x00,0x00,0x00,0x00,0x00,0x00,0x00,0x00,0x00,0x00,0x00,
    0x00,0x00,0x00,0x00,0x00,0x00,0x00,0x00,0x00,0x00,0x00,0x00,0x00,0x00,0x00,0x00,
    0x00,0x00,0x00,0x00,0x00,0x00,0x00,0x00,0x00,0x00,0x00,0x00,0x00,0x00,0x00,0x00,
    0x00,0x00,0x00,0x00,0x00,0x00,0x00,0x00,0x00,0x00,0x00,0x00,0x00,0x00,0x00,0x00,
    0x00,0x00,0x00,0x00,0x00,0x00,0x00,0x00,0x00,0x00,0x00,0x00,0x00,0x00,0x00,0x00,
    0x00,0x00,0x00,0x00,0x00,0x00,0x00,0x00,0x00,0x00,0x00,0x00,0x00,0x00,0x00,0x00,
    0x00,0x00,0x00,0x00,0x00,0x00,0x00,0x00,0x00,0x00,0x00,0x00,0x00,0x00,0x00,0x00,
    0x00,0x00,0x00,0x00,0x00,0x00,0x00,0x00,0x00,0x00,0x00,0x00,0x00,0x00,0x00,0x00,
    0x00,0x00,0x00,0x00,0x00,0x00,0x00,0x00,0x00,0x00,0x00,0x00,0x00,0x00,0x00,0x00,
    0x00,0x00,0x00,0x00,0x00,0x00,0x00,0x00,0x00,0x00,0x00,0x00,0x00,0x00,0x00,0x00,
    0x00,0x00,0x00,0x00,0x00,0x00,0x00,0x00,0x00,0x00,0x00,0x00,0x00,0x50,0x55,0x05,
    0x00,0x00,0x00,0x00,0x00,0x00,0x00,0x00,0x00,0x00,0x00,0x00,0x00,0x00,0x00,0x00,
    0x00,0x00,0x00,0x00,0x00,0x00,0x00,0x50,0x00,0x00,0x50,0xE5,0x00,0x50,0xE5,0xEE,
    0x00,0x00,0x00,0x00,0x00,0x00,0x00,0x00,0x00,0x00,0x00,0x00,0x00,0x00,0x00,0x00,
    0x50,0x55,0x00,0x00,0xE5,0xEE,0x55,0x05,0xEE,0xEE,0xEE,0x77,0xEE,0xEE,0xEE,0x9E,
    0x00,0x00,0x00,0x00,0x00,0x00,0x00,0x00,0x00,0x00,0x00,0x00,0x00,0x00,0x00,0x00,
    0x00,0x00,0x00,0x00,0x00,0x00,0x00,0x00,0x87,0x00,0x00,0x00,0xB5,0x8B,0x00,0x00,
    0x00,0x00,0x00,0x00,0x00,0x00,0x00,0x00,0x00,0x00,0x00,0x00,0x00,0x00,0x00,0x00,
    0x00,0x00,0x00,0x00,0x00,0x00,0x00,0x00,0x00,0x00,0x00,0x00,0x00,0x00,0x00,0x00,
    0x00,0x00,0x00,0x00,0x00,0x00,0x00,0x00,0x00,0x00,0x00,0x00,0x00,0x00,0x00,0x00,
    0x00,0x00,0x00,0x00,0x00,0x00,0x00,0x00,0x00,0x00,0x00,0x00,0x00,0x00,0x00,0x00,
    0x00,0x00,0x00,0x00,0x00,0x00,0x00,0x00,0x00,0x00,0x00,0x00,0x00,0x00,0x00,0x00,
    0x00,0x00,0x00,0x00,0x00,0x00,0x00,0x00,0x00,0x00,0x00,0x00,0x00,0x00,0x00,0x00,
    0x00,0x00,0x00,0x00,0x00,0x00,0x00,0x00,0x00,0x00,0x00,0x00,0x00,0x00,0x00,0x00,
    0x00,0x00,0x00,0x00,0x00,0x00,0x00,0x00,0x00,0x00,0x00,0x00,0x00,0x00,0x00,0x00,
    0x00,0x60,0xEE,0x59,0x00,0x50,0xE9,0xEE,0x00,0x00,0x95,0xEE,0x00,0x00,0x96,0xE9,
    0x00,0x00,0x56,0xEE,0x00,0x00,0xE6,0xEE,0x00,0x60,0xEE,0x99,0x00,0x96,0x99,0x99,
    0x55,0xE5,0xEE,0xEE,0x5E,0xEE,0xEE,0xEE,0xE9,0xEE,0xEE,0xEE,0xEE,0xEE,0xEE,0xEE,
    0x9E,0x9E,0xEE,0xEE,0xE9,0xE9,0xEE,0xEE,0x99,0x9E,0xEE,0xEE,0x99,0x99,0xE9,0xEE,
    0xEE,0xEE,0xEE,0xEE,0xEE,0x9E,0x99,0x99,0xEE,0x99,0x99,0x99,0xEE,0x99,0x99,0x99,
    0x9E,0x99,0x99,0x99,0x9E,0x99,0x99,0x59,0x99,0x99,0xF9,0xBF,0x99,0xF9,0xBF,0xBB,
    0x99,0xBB,0x0B,0x00,0x99,0xB9,0x8A,0x00,0x99,0xB5,0x8A,0x00,0x99,0xBB,0xAB,0x08,
    0xB9,0xBB,0xAB,0x08,0xBB,0xBB,0xBB,0x8A,0xBB,0xBB,0xBB,0x8A,0xBB,0xBB,0xBB,0x8B,
    0x00,0x00,0x00,0x00,0x00,0x00,0x00,0x00,0x00,0x00,0x00,0x00,0x00,0x00,0x00,0x00,
    0x00,0x00,0x00,0x00,0x00,0x00,0x00,0x00,0x00,0x00,0x00,0x00,0x00,0x00,0x00,0x00,
    0x00,0x00,0x00,0x00,0x00,0x00,0x00,0x00,0x00,0x00,0x00,0x00,0x00,0x00,0x00,0x00,
    0x00,0x00,0x00,0x00,0x00,0x00,0x00,0x00,0x00,0x00,0x00,0x00,0x00,0x00,0x00,0x00,
    0x00,0x00,0x00,0x00,0x00,0x00,0x00,0x00,0x00,0x00,0x00,0x00,0x00,0x00,0x00,0x00,
    0x00,0x00,0x00,0x00,0x00,0x00,0x00,0x00,0x00,0x00,0x00,0x00,0x00,0x00,0x00,0x00,
    0x00,0x00,0x00,0x00,0x00,0x00,0x00,0x00,0x00,0x00,0x00,0x60,0x00,0x00,0x00,0x96,
    0x00,0x00,0x00,0x60,0x00,0x00,0x00,0x00,0x00,0x00,0x00,0x00,0x00,0x00,0x00,0x00,
    0x60,0x99,0x99,0x99,0x96,0x99,0x99,0x99,0x99,0x99,0x99,0x99,0x99,0x69,0x96,0x99,
    0x66,0x00,0x60,0x99,0x00,0x00,0x60,0x99,0x00,0x00,0x00,0x96,0x00,0x00,0x00,0x96,
    0x99,0x99,0x99,0x9E,0x99,0x99,0x89,0x9E,0x99,0x99,0x86,0x99,0x99,0x99,0x86,0x98,
    0x99,0x69,0xFF,0x9F,0x99,0x69,0xFF,0x8F,0x99,0xF6,0xFF,0xFF,0x99,0xF6,0xFF,0xFF,
    0x99,0xBF,0xBB,0xBB,0x99,0xB8,0xBB,0xBB,0x99,0xB8,0xBB,0xBB,0x99,0xB8,0xBB,0xBB,
    0x89,0xB5,0xBB,0xBB,0x89,0x56,0xBB,0xFB,0x89,0x68,0xF6,0x3F,0x8F,0x6F,0x8F,0x32,
    0xBB,0xBB,0x8B,0x08,0xBB,0xBB,0x2B,0x04,0xBB,0x8B,0x48,0x03,0xBB,0x28,0x72,0x04,
    0x88,0x22,0xFE,0x02,0x28,0x22,0x7E,0x02,0x18,0x22,0x5E,0x42,0x11,0x11,0xE1,0x41,
    0x00,0x00,0x00,0x00,0x00,0x00,0x00,0x00,0x00,0x00,0x00,0x00,0x00,0x00,0x00,0x00,
    0x00,0x00,0x00,0x00,0x00,0x00,0x00,0x00,0x00,0x00,0x00,0x00,0x00,0x00,0x00,0x00,
    0x00,0x00,0x00,0x00,0x00,0x00,0x00,0x00,0x00,0x00,0x00,0x00,0x00,0x00,0x00,0x00,
    0x00,0x00,0x00,0x00,0x00,0x00,0x00,0x00,0x00,0x00,0x00,0x00,0x00,0x00,0x00,0x00,
    0x00,0x00,0x00,0x00,0x00,0x00,0x00,0x00,0x00,0x00,0x00,0x00,0x00,0x00,0x00,0x00,
    0x00,0x00,0x00,0x00,0x00,0x00,0x00,0x00,0x00,0x00,0x00,0x00,0x00,0x00,0x00,0x00,
    0x00,0x00,0x00,0x00,0x00,0x00,0x00,0x00,0x00,0x00,0x00,0x00,0x00,0x00,0x00,0x00,
    0x00,0x00,0x00,0x00,0x00,0x00,0x00,0x00,0x00,0x00,0x00,0x00,0x00,0x00,0x00,0x00,
    0x00,0x00,0x00,0x60,0x00,0x00,0x00,0x60,0x00,0x00,0x00,0x00,0x00,0x00,0x00,0x00,
    0x00,0x00,0x00,0x00,0x00,0x00,0x00,0x00,0x00,0x00,0x00,0x00,0x00,0x00,0x00,0x00,
    0x69,0xFF,0xFF,0xFF,0x69,0xFF,0xFF,0x8F,0x06,0xF0,0xFF,0xFF,0x00,0x00,0xF8,0x8F,
    0x00,0x00,0xF0,0xFF,0x00,0x00,0x00,0xFF,0x00,0x00,0x00,0x00,0x00,0x00,0x00,0x00,
    0xF8,0x88,0x48,0x32,0x8F,0x8F,0x38,0x34,0xF8,0x88,0x38,0x24,0x88,0x88,0x33,0x43,
    0x88,0x88,0x33,0x33,0x8F,0x3F,0x33,0x33,0xFF,0xFF,0x8F,0x77,0x78,0x67,0x66,0x55,
    0x11,0x11,0x11,0x11,0x11,0x11,0x11,0x21,0x13,0x11,0x11,0x41,0x24,0x11,0x21,0x03,
    0x22,0x11,0x11,0x04,0x43,0x76,0xF8,0x00,0x54,0x55,0x85,0x00,0x65,0x66,0x08,0x00,
    0x04,0x00,0x00,0x00,0x00,0x00,0x00,0x00,0x00,0x00,0x00,0x00,0x00,0x00,0x00,0x00,
    0x00,0x00,0x00,0x00,0x00,0x00,0x00,0x00,0x00,0x00,0x00,0x00,0x00,0x00,0x00,0x00,
    0x00,0x00,0x00,0x00,0x00,0x00,0x00,0x00,0x00,0x00,0x00,0x00,0x00,0x00,0x00,0x00,
    0x00,0x00,0x00,0x00,0x00,0x00,0x00,0x00,0x00,0x00,0x00,0x00,0x00,0x00,0x00,0x00,
    0x00,0x00,0x00,0x00,0x00,0x00,0x00,0x00,0x00,0x00,0x00,0x00,0x00,0x00,0x00,0x00,
    0x00,0x00,0x00,0x00,0x00,0x00,0x00,0x00,0x00,0x00,0x00,0x00,0x00,0x00,0x00,0x00,
    0x00,0x00,0x00,0x00,0x00,0x00,0x00,0x00,0x00,0x00,0x00,0x00,0x00,0x00,0x00,0x00,
    0x00,0x00,0x00,0x00,0x00,0x00,0x00,0x00,0x00,0x00,0x00,0x00,0x00,0x00,0x00,0x00,
    0x00,0x00,0x00,0x00,0x00,0x00,0x00,0x00,0x00,0x00,0x00,0x00,0x00,0x00,0x00,0x00,
    0x00,0x00,0x00,0x00,0x00,0x00,0x00,0x00,0x00,0x00,0x00,0x00,0x00,0x00,0x00,0x00,
    0x00,0x00,0x00,0x00,0x00,0x00,0x00,0x00,0x00,0x00,0x00,0x00,0x00,0x00,0x00,0xFF,
    0x00,0x00,0xFF,0x99,0x00,0x99,0x99,0x99,0xB0,0xAA,0xBA,0xBB,0xB0,0xAA,0xAA,0xBA,
    0xF0,0x77,0x77,0x66,0xF0,0xBB,0xBB,0xAB,0xFF,0xBB,0xBB,0xBB,0xAA,0xAA,0xAA,0xBB,
    0x99,0x99,0x99,0x99,0x99,0x99,0x99,0x99,0xAB,0xAA,0xAA,0xBB,0xBB,0xBB,0xFF,0xBB,
    0x66,0x66,0x08,0x00,0xAA,0xBA,0x00,0x00,0xBB,0xBB,0x0F,0x00,0xBB,0xAA,0xFB,0x0F,
    0x99,0x99,0x99,0xF9,0x99,0x99,0x99,0x99,0xAA,0xBA,0xBB,0xBA,0xBB,0xBB,0xAB,0xAB,
    0x00,0x00,0x00,0x00,0x00,0x00,0x00,0x00,0x00,0x00,0x00,0x00,0x00,0x00,0x00,0x00,
    0x0F,0x00,0x00,0x00,0x99,0x08,0x00,0x00,0xAA,0x85,0x00,0x00,0xAB,0x85,0x00,0x00,
    0x00,0x00,0x00,0x00,0x00,0x00,0x00,0x00,0x00,0x00,0x00,0x00,0x00,0x00,0x00,0x00,
    0x00,0x00,0x00,0x00,0x00,0x00,0x00,0x00,0x00,0x00,0x00,0x00,0x00,0x00,0x00,0x00,
    0x00,0x00,0x00,0x00,0x00,0x00,0x00,0x00,0x00,0x00,0x00,0x00,0x00,0x00,0x00,0x00,
    0x00,0x00,0x00,0x00,0x00,0x00,0x00,0x00,0x00,0x00,0x00,0x00,0x00,0x00,0x00,0x00,
    0x00,0x00,0x00,0x00,0x00,0x00,0x00,0x00,0x00,0x00,0x00,0x00,0x00,0x00,0x00,0x00,
    0x00,0x00,0x00,0x00,0x00,0x00,0x00,0x00,0x00,0x00,0x00,0x00,0x00,0x00,0x00,0x00,
    0x00,0x00,0x00,0x00,0x00,0x00,0x00,0x00,0x00,0x00,0x00,0xB0,0x00,0x00,0x00,0xAB,
    0x00,0x00,0xB0,0xAA,0x00,0x00,0xB0,0xAF,0x00,0x00,0x24,0xF2,0x00,0x40,0x22,0x22,
    0xAB,0xAA,0xAA,0xAA,0xAB,0xAA,0xAA,0xAA,0xAA,0xAA,0xAA,0xAA,0xAA,0xAA,0xAA,0xAB,
    0xAA,0xAA,0xAA,0xAB,0xAA,0xAA,0xFA,0xFB,0xAF,0xAA,0x0F,0xBF,0xF3,0xFA,0xF0,0xBB,
    0xBA,0xFB,0xBB,0xBB,0xAA,0xAF,0xAB,0xBA,0xFA,0xAB,0xAB,0xAA,0xBF,0xBB,0xAA,0xAA,
    0xBF,0xBB,0xBA,0xAB,0xBB,0xAB,0xBB,0xBA,0xBB,0xAB,0xBB,0xAB,0xBB,0xAB,0xBB,0xBB,
    0xBB,0xBB,0xAB,0xAB,0xBB,0xBB,0xBB,0xAA,0xBA,0xBB,0xAB,0xAA,0xAA,0xBA,0xFB,0xAA,
    0xAA,0xAA,0xFB,0xAA,0xAA,0xAA,0xFA,0xFA,0xAB,0xAB,0xBB,0x0B,0xBB,0xBA,0xAB,0x0F,
    0xBA,0x55,0x08,0x00,0xBA,0x55,0x08,0x00,0xAA,0x56,0x85,0x00,0xAA,0x66,0x85,0x00,
    0xAA,0x67,0x55,0x08,0xAA,0x77,0x56,0x85,0xAF,0x77,0xF7,0x1F,0xF0,0x77,0x3F,0x11,
    0x00,0x00,0x00,0x00,0x00,0x00,0x00,0x00,0x00,0x00,0x00,0x00,0x00,0x00,0x00,0x00,
    0x00,0x00,0x00,0x00,0x00,0x00,0x00,0x00,0x04,0x00,0x00,0x00,0x41,0x00,0x00,0x00,
    0x00,0x00,0x00,0x00,0x00,0x00,0x00,0x00,0x00,0x00,0x00,0x00,0x00,0x00,0x00,0x00,
    0x00,0x00,0x00,0x00,0x00,0x00,0x00,0x00,0x00,0x00,0x00,0x00,0x00,0x00,0x00,0x00,
    0x00,0x00,0x00,0x00,0x00,0x00,0x00,0x00,0x00,0x00,0x00,0x00,0x00,0x00,0x00,0x40,
    0x00,0x00,0x00,0x40,0x00,0x00,0x00,0x34,0x00,0x00,0x00,0x34,0x00,0x00,0x00,0x3F,
    0x00,0x24,0x22,0x22,0x40,0x22,0x22,0x22,0x24,0x22,0x22,0x22,0x33,0x23,0x22,0x42,
    0x33,0x33,0x33,0xF2,0x33,0x33,0x33,0x04,0x33,0x33,0x33,0x04,0x33,0x33,0x43,0x00,
    0x42,0x0F,0xF0,0xBB,0xF2,0x00,0xF0,0xBB,0x04,0x00,0xF0,0xBB,0x00,0x00,0xF0,0xBB,
    0x00,0x00,0xF0,0xBB,0x00,0x00,0x00,0xBF,0x00,0x00,0x00,0xBF,0x00,0x00,0x00,0xBF,
    0xBB,0xAB,0xBB,0xBB,0xBB,0xAB,0xBB,0xBB,0xBB,0xAB,0xAA,0xBB,0xBB,0xBB,0x99,0xBA,
    0xBB,0xBB,0x99,0xBA,0xBB,0xBB,0xA9,0xBB,0xBB,0xBB,0xAA,0xBB,0xBB,0xBB,0xBA,0xBB,
    0xBB,0xBB,0xBB,0x0F,0xBB,0xBB,0xBB,0x0F,0xBB,0xBB,0xBB,0x0F,0xBB,0xBB,0xBB,0x0F,
    0xBB,0xBB,0xFB,0x00,0xBB,0xBB,0xFB,0x00,0xBB,0xBB,0xFB,0x00,0xBB,0xBB,0xFF,0x00,
    0x00,0xFF,0x23,0x12,0x00,0x40,0x23,0x22,0x00,0x00,0x24,0x22,0x00,0x00,0x40,0x22,
    0x00,0x00,0x40,0x32,0x00,0x00,0x00,0x34,0x00,0x00,0x00,0x3F,0x00,0x00,0xF0,0x33,
    0x11,0x44,0x00,0x00,0x12,0x11,0x04,0x00,0x22,0x22,0x43,0x00,0x22,0x33,0xF3,0x00,
    0x33,0x33,0xF3,0x00,0x33,0x33,0xF3,0x00,0x33,0x33,0x0F,0x00,0x33,0x33,0x0F,0x00,
};
const u32 gLegendsMayTrailFront[] = {
    0x00080010,0x00000000,0x00000000,0x00000000,0x00000000,0x00000000,0x00000000,0x00000000,0x00000000,0x00000000,0x00000000,0x00000000,0x00000000,0x00000000,0x00000000,0x00000000,
    0x00000000,0x00000000,0x00000000,0x00000000,0x00000000,0x00000000,0x00000000,0x00000000,0x00000000,0x00000000,0x00000000,0x00000000,0x00000000,0x00000000,0x00000000,0x00000000,
    0x00000000,0x00000000,0x00000000,0x00000000,0x00000000,0x00000000,0x00000000,0x00000000,0x00000000,0x00000000,0x00000000,0x00000000,0x00000000,0x00000000,0x00000000,0x00000000,
    0x00000000,0x00000000,0x00000000,0x00000000,0x00000000,0x00000000,0x00000000,0x00000000,0x00000000,0x00000000,0x00000000,0x00000000,0x00000000,0x00000000,0x00000000,0x00000000,
    0x00000000,0x00000000,0x00000000,0x00000000,0x00000000,0x00000000,0x00000000,0x00000000,0x00000000,0x00000000,0x00000000,0x00000000,0x00000000,0x00000000,0x00000000,0x00000000,
    0x00000000,0x00000000,0x00000000,0x00000000,0x00000000,0x00000000,0x00000000,0x00800000,0x00000000,0x00000000,0x00000000,0x00000000,0x00000000,0x880000B8,0xBB88AB80,0xBB00AAB8,
    0xB8EAA4BB,0x0049AB5B,0x74BA8880,0x877B8000,0x08BB5500,0xB9EAAA00,0xEEEA0008,0x999EB99E,0x4900B484,0x77877788,0x00774783,0x78783287,0x88783487,0x00000000,0x00000000,0x00000000,
    0x00080000,0x84000000,0x44000000,0x00000008,0x00000448,0x00008748,0x00000000,0x00000000,0x00000000,0x00000000,0x00000000,0x00000000,0x00000000,0x00000000,0x00000000,0x00000000,
    0x00000000,0x00000000,0x00000000,0x00000000,0x00000000,0x00000000,0x00000000,0x00000000,0x00000000,0x00000000,0x00000000,0x00000000,0x00000000,0x00000000,0x00000000,0x00000000,
    0x00000000,0x00000000,0x00000000,0x00000000,0x00000000,0x00000000,0x00000000,0x00000000,0x00000000,0x00000000,0x00000000,0x00000000,0x00000000,0x00000000,0x00000000,0x00000000,
    0x00000000,0x00000000,0x00000000,0x74800000,0x77400047,0x74000084,0x78008871,0x00004377,0x80284778,0x00404774,0x00844480,0x00844480,0x83223800,0x112E5223,0x1EF2009F,0x1131E511,
    0x12002211,0x23221111,0x00322DD1,0x0F32B340,0x000FF800,0x00424600,0x08778400,0x77820000,0x77830008,0x47000084,0x0F008778,0x00084478,0x08444800,0x00844480,0x00000000,0x00000000,
    0x00000000,0x00000000,0x00000000,0x00000000,0x00000000,0x00000000,0x00000000,0x00000000,0x00000000,0x00000000,0x00000000,0x00000000,0x00000000,0x00000000,0x00000000,0x00000000,
    0x00000000,0x00000000,0x00000000,0x00000000,0x00000000,0x00000000,0x00000000,0x00000000,0x00000000,0x00000000,0x00000000,0x00000000,0x00000000,0x00000000,0x00000000,0x00000000,
    0x00000000,0x00000000,0x00000000,0x00000000,0x00000000,0x00000000,0x00000044,0xF004CE4F,0x008DCCC5,0xF95F6F00,0xFFF5F5F0,0x84480000,0xF800000F,0x00000040,0x0000A400,0x0000A400,
    0x00BB4000,0x00BBF000,0xBBBF0000,0xFBBA2223,0xF388F400,0x888ABAFF,0xBABA0024,0xAAAB282B,0x4B006BEB,0xFBBEBAAB,0x00B9AAAB,0xB9BBBBFF,0xB2BBB400,0x00880000,0x00000F00,0x000F0000,
    0x000F0000,0xFA000000,0xFB000000,0x00000000,0x000000FB,0x0000004F,0x00000000,0x00000000,0x00000000,0x00000000,0x00000000,0x00000000,0x00000000,0x00000000,0x00000000,0x00000000,
    0x00000000,0x00000000,0x00000000,0x00000000,0x00000000,0x00000000,0x00000000,0x00000000,0x00000000,0x00000000,0x00000000,0x00000000,0x00000000,0x00000000,0x00000000,0x00000000,
    0x00000000,0x00000000,0x00000000,0x00000000,0x00000000,0x00000000,0x00000000,0x00000000,0x00000000,0x00000000,0xF5F5F000,0xFFFF009F,0x00000095,0x0000FFF0,0x00000000,0x00000000,
    0x00000000,0x00000000,0x00000000,0xAA111F00,0xBB114404,0x44000004,0x00006004,0x0000A600,0x00B80000,0x00B80000,0xA8000000,0x56000000,0xAAAF0000,0x4AAF86B2,0xBBAA0043,0xABB6BBAA,
    0x4600B344,0x95B9AAA4,0x00B9AAAE,0xDECCCCE5,0xDECCCCCC,0x0004BF00,0x044BBF00,0xBB4B0000,0xBBF40042,0x5900F422,0x9B5F2344,0x005FF40F,0xF00005DD,0x0000FDDD,0x00000000,0x00000000,
    0x00000000,0x005F0000,0xEF000000,0xE9000FF5,0x0000F659,0x00F5F565,0x000F0FF0,0x00000000,0x00000000,0x00000000,0x00000000,0x00000000,0x00000000,0x00000000,0x00000000,0x00000000,
    0x00000000,0x00000000,0x00000000,0x00000000,0x00000000,0x00000000,0x00000000,0x00000000,0x00000000,0x00000000,0x00000000,0x00000000,0x00000000,0x00000000,0x00000000,0x00000000,
    0x00000000,0x00000000,0x00000000,0x00000000,0x00000000,0x00000000,0x00000000,0x00000000,0x00000000,0x00000000,0x00000000,0x00000000,0x000000F0,0x00000060,0x00006000,0x00006000,
    0x00600000,0x00560000,0x54000000,0x54000000,0x46659500,0x0F6595FF,0x6595005F,0x6565560F,0x5500500F,0x55600065,0x00600045,0x60004655,0x60004655,0x00FF5F00,0x00F55500,0xF5550000,
    0xF5550000,0x55000000,0x55000045,0x00000655,0x00045555,0x00045555,0x00000000,0x00000000,0x00000000,0x00000000,0x00000000,0x00000000,0x00000000,0x00000000,0x00000000,0x00000000,
    0x00000000,0x00000000,0x00000000,0x00000000,0x00000000,0x00000000,0x00000000,0x00000000,0x00000000,0x00000000,0x00000000,0x00000000,0x00000000,0x00000000,0x00000000,0x00000000,
    0x00000000,0x00000000,0x00000000,0x00000000,0x00000000,0x00000000,0x00000000,0x00000000,0x00000000,0x00000000,0x00000000,0x00000000,0x00000000,0x00000000,0x00000000,0x00000000,
    0x00000000,0x00000000,0x00000000,0x00000000,0x00000054,0x00000064,0x00006640,0x00006640,0x00665F00,0x00655F00,0x65560000,0x655F0000,0x00065500,0x00046500,0x04660000,0x00460000,
    0xF6000000,0x56000000,0x00000000,0x00000006,0x0000000F,0x04555600,0x06655400,0x66660000,0x664F0004,0xF0000044,0xF0006444,0x0000F644,0x00F66F00,0x00F66F00,0x00000000,0x00000000,
    0x00000000,0x00000000,0x00000000,0x00000000,0x00000000,0x00000000,0x00000000,0x00000000,0x00000000,0x00000000,0x00000000,0x00000000,0x00000000,0x00000000,0x00000000,0x00000000,
    0x00000000,0x00000000,0x00000000,0x00000000,0x00000000,0x00000000,0x00000000,0x00000000,0x00000000,0x00000000,0x00000000,0x00000000,0x00000000,0x00000000,0x00000000,0x00000000,
    0x00000000,0x00000000,0x00000000,0x00000000,0x00000000,0x00000000,0x00000000,0x00000000,0x00000000,0x00000000,0x00000000,0x6F000000,0x6F000065,0xF00000F5,0xF000BDDC,0x0000966F,
    0x006DCCD6,0x00499E4F,0xFFFFF000,0x00000000,0x00000000,0x00000000,0x00000000,0x000F0000,0x0F000000,0x0F000000,0x00000000,0x00000000,0x00000000,0xF66F0000,0x455F0000,0x44F00000,
    0xBB4F00F6,0xDF000F4B,0xF00F44DD,0x00004FFF,0x00000000,0x00000000,0x00000000,0x00000000,0x00000000,0x00000000,0x00000000,0x00000000,0x00000000,0x00000000,0x00000000,0x00000000,
    0x00000000,0x00000000,0x00000000,0x00000000,0x00000000,0x00000000,0x00000000,0x00000000,0x00000000,0x00000000,0x00000000,0x00000000,0x00000000,0x00000000,0x00000000,0x00000000,
    0x00000000,
};
const u8 ALIGNED(4) gLegendsMayTrailBack[] = {
    0x00,0x00,0x00,0x00,0x00,0x00,0x00,0x00,0x00,0x00,0x00,0x00,0x00,0x00,0x00,0x00,
    0x00,0x00,0x00,0x00,0x00,0x00,0x00,0x00,0x00,0x00,0x00,0x00,0x00,0x00,0x00,0x00,
    0x00,0x00,0x00,0x00,0x00,0x00,0x00,0x00,0x00,0x00,0x00,0x00,0x00,0x00,0x00,0x00,
    0x00,0x00,0x00,0x00,0x00,0x00,0x00,0x00,0x00,0x00,0x00,0x00,0x00,0x00,0x00,0x00,
    0x00,0x00,0x00,0x00,0x00,0x00,0x00,0x00,0x00,0x00,0x00,0x00,0x00,0x00,0x00,0x00,
    0x00,0x00,0x00,0x00,0x00,0x00,0x00,0x00,0x00,0x00,0x00,0x00,0x00,0x00,0x00,0x00,
    0x00,0x00,0x00,0x00,0x00,0x00,0x00,0x00,0x00,0x00,0x00,0x00,0x00,0x00,0x00,0x00,
    0x00,0x00,0x00,0x00,0x00,0x00,0x00,0x00,0x00,0x00,0x00,0x00,0x00,0x00,0x00,0x00,
    0x00,0x00,0x00,0x00,0x00,0x00,0x00,0x00,0x00,0x00,0x00,0x00,0x00,0x00,0x00,0x00,
    0x00,0x00,0x00,0x00,0x00,0x00,0x00,0x00,0x00,0x00,0x00,0x00,0x00,0x00,0x00,0x00,
    0x00,0x00,0x00,0x00,0x00,0x00,0x00,0x00,0x00,0x00,0x00,0x00,0x00,0x00,0x00,0x00,
    0x00,0x00,0x00,0x00,0x00,0x00,0x00,0x00,0x00,0x00,0x00,0x00,0x00,0x00,0x00,0x00,
    0x00,0x00,0x00,0x00,0x00,0x00,0x00,0x00,0x00,0x00,0x00,0x00,0x00,0x00,0x00,0x00,
    0x00,0x00,0x00,0x00,0x00,0x00,0x00,0x00,0x00,0x00,0x00,0x00,0x00,0x00,0x00,0x00,
    0x00,0x00,0x00,0x00,0x00,0x00,0x00,0x00,0x00,0x00,0x00,0x00,0x00,0x00,0x00,0x00,
    0x00,0x00,0x00,0x00,0x00,0x00,0x00,0x00,0x00,0x00,0x00,0x00,0x00,0x00,0x00,0x00,
    0x00,0x00,0x00,0x00,0x00,0x00,0x00,0x00,0x00,0x00,0x00,0x00,0x00,0x00,0x00,0x00,
    0x00,0x00,0x00,0x00,0x00,0x00,0x00,0x00,0x00,0x00,0x00,0x00,0x00,0x00,0x00,0x00,
    0x00,0x00,0x00,0x00,0x00,0x00,0x00,0x00,0x00,0x00,0x00,0x00,0x00,0x00,0x00,0x00,
    0x00,0x00,0x00,0x00,0x00,0x00,0x00,0x00,0x00,0x00,0x00,0x00,0x00,0x00,0x00,0x00,
    0x00,0x00,0x00,0x00,0x00,0x00,0x00,0x00,0x00,0x00,0x00,0x00,0x00,0x00,0x00,0x00,
    0x00,0x00,0x00,0x00,0x00,0x00,0x00,0x00,0x00,0x00,0x00,0x00,0x00,0x00,0x00,0x00,
    0x00,0x00,0x00,0x00,0x00,0x00,0x00,0x00,0x00,0x00,0x00,0x00,0x00,0x00,0x00,0x00,
    0x00,0x00,0x00,0x00,0x00,0x00,0x00,0x00,0x00,0x00,0x00,0x00,0x00,0x00,0x00,0x00,
    0x00,0x00,0x00,0x00,0x00,0x00,0x00,0x00,0x00,0x00,0x00,0x00,0x00,0x00,0x00,0x00,
    0x00,0x00,0x00,0x00,0x00,0x00,0x00,0x00,0x00,0x00,0x00,0x00,0x00,0x00,0x00,0x00,
    0x00,0x00,0x00,0x00,0x00,0x00,0x00,0x00,0x00,0x00,0x00,0x00,0x00,0x00,0x00,0x00,
    0x00,0x00,0x00,0x00,0x00,0x00,0x00,0x00,0x00,0x00,0x00,0x00,0x00,0x00,0x00,0x00,
    0x00,0x00,0x00,0x00,0x00,0x00,0x00,0x00,0x00,0x00,0x00,0x00,0x00,0x00,0x00,0x00,
    0x00,0x00,0x00,0x00,0x00,0x00,0x00,0x00,0x00,0x00,0x00,0x00,0x00,0x00,0x00,0x00,
    0x00,0x00,0x00,0x00,0x00,0x00,0x00,0x00,0x00,0x00,0x00,0x00,0x00,0x00,0x00,0x00,
    0x00,0x00,0x00,0x00,0x00,0x00,0x00,0x00,0x00,0x00,0x00,0x00,0x00,0x00,0x00,0x00,
    0x00,0x00,0x00,0x00,0x00,0x00,0x00,0x00,0x00,0x00,0x00,0x00,0x00,0x00,0x00,0x00,
    0x00,0x00,0x00,0x00,0x00,0x00,0x00,0x00,0x00,0x00,0x00,0x00,0x00,0x00,0x00,0x00,
    0x00,0x00,0x00,0x00,0x00,0x00,0x00,0x00,0x00,0x00,0x00,0x00,0x00,0x00,0x00,0x00,
    0x00,0x00,0x00,0x00,0x55,0x65,0x00,0x00,0xA5,0xBB,0x66,0x00,0xB6,0xBB,0xBB,0x06,
    0x00,0x00,0x00,0x00,0x00,0x00,0x00,0x00,0x00,0x00,0x00,0x00,0x00,0x00,0x00,0x00,
    0x00,0x00,0x00,0x56,0x00,0x00,0x60,0xAA,0x00,0x00,0xA6,0x5A,0x00,0x60,0xAA,0xA5,
    0x00,0x00,0x00,0x00,0x00,0x00,0x66,0x66,0x00,0x56,0xAA,0xAA,0x56,0xAA,0xAA,0xAA,
    0x6A,0xAA,0xAA,0xAA,0xA5,0xA5,0xBB,0xBB,0xAA,0xB6,0xBB,0xBB,0xAA,0xB6,0xBB,0xBB,
    0x00,0x00,0x00,0x00,0x08,0x00,0x00,0x00,0xB9,0x65,0x00,0x00,0x9A,0xEE,0x65,0x00,
    0xAA,0xE9,0xEE,0x06,0xAB,0xE9,0xEE,0x69,0xBB,0x9B,0xEE,0x48,0xBB,0x9B,0x99,0x48,
    0x00,0x00,0x00,0x00,0x00,0x00,0x00,0x00,0x00,0x00,0x00,0x00,0x00,0x00,0x00,0x00,
    0x00,0x00,0x00,0x00,0x00,0x00,0x00,0x00,0x48,0x00,0x00,0x00,0x74,0x08,0x00,0x00,
    0x00,0x00,0x00,0x00,0x00,0x00,0x00,0x00,0x00,0x00,0x00,0x00,0x00,0x00,0x00,0x00,
    0x00,0x00,0x00,0x00,0x00,0x00,0x00,0x00,0x00,0x00,0x00,0x00,0x00,0x00,0x00,0x00,
    0x00,0x00,0x00,0x00,0x00,0x00,0x00,0x00,0x00,0x00,0x00,0x00,0x00,0x00,0x00,0x00,
    0x00,0x00,0x00,0x00,0x00,0x00,0x00,0x00,0x00,0x00,0x00,0x00,0x00,0x00,0x00,0x00,
    0x00,0x00,0x00,0x00,0x00,0x00,0x00,0x00,0x00,0x00,0x00,0x00,0x00,0x00,0x00,0x00,
    0x00,0x00,0x00,0x00,0x00,0x00,0x00,0x00,0x00,0x00,0x00,0x00,0x00,0x00,0x00,0x00,
    0xB6,0xBB,0xBB,0x6B,0xB6,0xBB,0xBB,0xBB,0x60,0xBB,0xBB,0xBB,0x60,0xBB,0xBB,0xBB,
    0x00,0xB6,0xBB,0xBB,0x00,0xB6,0xBB,0xBB,0x00,0x60,0xBB,0xBB,0x00,0x00,0x66,0xBB,
    0x00,0x60,0xBB,0xA5,0x06,0xB6,0x6B,0xAA,0x66,0xB6,0x5B,0xAA,0x6B,0xBB,0xB6,0xAA,
    0x6B,0xBB,0xB6,0xBB,0x65,0x66,0xB5,0xBB,0xB5,0xA6,0xBB,0xBB,0x6B,0xAA,0xB5,0x6B,
    0xBA,0xB6,0xBB,0xBB,0xBA,0xB6,0xBB,0xBB,0x5B,0xBB,0xBB,0xBB,0x6B,0xBB,0xBB,0xBB,
    0x6B,0xBB,0xBB,0xBB,0xB5,0xBB,0xBB,0x9B,0xB6,0xBB,0xBB,0x8B,0xBB,0xBB,0xBB,0x8F,
    0xBB,0x99,0x89,0x77,0xBB,0x99,0x79,0x77,0x9B,0x99,0x78,0x77,0x9B,0x89,0x48,0x77,
    0x99,0x48,0x88,0x44,0x48,0x44,0x78,0x48,0x48,0x84,0x22,0x82,0x8F,0x24,0x22,0x43,
    0x78,0x87,0x00,0x00,0x87,0x87,0x00,0x00,0x77,0x88,0x00,0x00,0x77,0x77,0x08,0x00,
    0x77,0x77,0x87,0x00,0x74,0x77,0x77,0x08,0x44,0x77,0x77,0x87,0x48,0x74,0x77,0x77,
    0x00,0x00,0x00,0x00,0x00,0x00,0x00,0x00,0x00,0x00,0x00,0x00,0x00,0x00,0x00,0x00,
    0x00,0x00,0x00,0x00,0x00,0x00,0x00,0x00,0x00,0x00,0x00,0x00,0x08,0x00,0x00,0x00,
    0x00,0x00,0x00,0x00,0x00,0x00,0x00,0x00,0x00,0x00,0x00,0x00,0x00,0x00,0x00,0x00,
    0x00,0x00,0x00,0x00,0x00,0x00,0x00,0x00,0x00,0x00,0x00,0x00,0x00,0x00,0x00,0x00,
    0x00,0x00,0x00,0x00,0x00,0x00,0x00,0x00,0x00,0x00,0x00,0x00,0x00,0x00,0x00,0x00,
    0x00,0x00,0x00,0x00,0x00,0x00,0x00,0x00,0x00,0x00,0xFF,0x00,0x00,0xF0,0x55,0x06,
    0x00,0x00,0x00,0x66,0x00,0x00,0x00,0x00,0x00,0x00,0x00,0x00,0x00,0x00,0x00,0x00,
    0x00,0x00,0x00,0x00,0x00,0x00,0x00,0x00,0x00,0x00,0x00,0x00,0x00,0x00,0x00,0x00,
    0x66,0xBA,0x66,0xB6,0x68,0xBB,0xB6,0xBB,0x80,0xBB,0xB6,0xBB,0x00,0x88,0xB8,0xBB,
    0x00,0x8F,0x4F,0x88,0x00,0x88,0xF8,0x44,0xF0,0x88,0x88,0x8F,0xF0,0x88,0x88,0x88,
    0xBB,0xBB,0xFB,0xF4,0xBB,0xBB,0x4F,0x28,0xBB,0xF8,0x44,0x28,0x88,0x44,0x44,0x28,
    0x44,0x44,0x84,0x43,0x44,0x44,0x84,0x43,0x44,0x44,0x38,0x33,0x4F,0x44,0x38,0x33,
    0x83,0x28,0x22,0xFE,0x83,0x11,0x22,0xFE,0x43,0x11,0x11,0x8E,0x13,0x11,0x11,0x4E,
    0x13,0x11,0x11,0x11,0x32,0x11,0x11,0x11,0x34,0x12,0x11,0x11,0x23,0x12,0x11,0x21,
    0x83,0x44,0x77,0x77,0x02,0x48,0x74,0x77,0x31,0x80,0x44,0x74,0x41,0x00,0x48,0x44,
    0x11,0x04,0x48,0x44,0x31,0x00,0x80,0x44,0x41,0x00,0x80,0x44,0x04,0x00,0x00,0x48,
    0x87,0x00,0x00,0x00,0x47,0x08,0x00,0x00,0x47,0x84,0x00,0x00,0x44,0x74,0x08,0x00,
    0x44,0x44,0x08,0x00,0x44,0x44,0x84,0x00,0x44,0x44,0x84,0x00,0x44,0x44,0x44,0x00,
    0x00,0x00,0x00,0x00,0x00,0x00,0x00,0x00,0x00,0x00,0x00,0x00,0x00,0x00,0x00,0x00,
    0x00,0x00,0x00,0x00,0x00,0x00,0x00,0x00,0x00,0x00,0x00,0x00,0x00,0x00,0x00,0x00,
    0x00,0xF0,0x65,0x0F,0x00,0xFF,0x66,0x0F,0xF0,0xF6,0x66,0x0F,0xF0,0xF6,0x99,0x69,
    0xF0,0xEF,0x99,0x99,0x60,0xEE,0x99,0x99,0x60,0xEE,0x99,0x99,0x50,0xEE,0x9E,0x99,
    0x00,0x00,0x00,0x00,0x00,0x00,0x00,0x00,0x00,0xF0,0x0F,0x00,0x00,0x5F,0xF5,0x00,
    0xF6,0x66,0xF5,0x00,0x69,0x66,0x0F,0x00,0x69,0x66,0x0F,0x00,0x99,0xF6,0x00,0x00,
    0xF0,0x88,0x88,0x88,0x00,0x88,0x88,0x88,0x00,0x8F,0x88,0x88,0x00,0xF0,0x8F,0xF8,
    0x00,0x00,0xF0,0x0F,0x00,0x00,0x00,0x00,0x00,0x00,0x00,0x00,0x00,0x00,0x00,0x88,
    0xF8,0x8F,0x33,0x33,0xFF,0xF0,0x38,0x33,0xF8,0xF0,0x3F,0x33,0x0F,0x8F,0x84,0x48,
    0x00,0x58,0x55,0x66,0x00,0x68,0x66,0x66,0x80,0xB4,0xBB,0xBB,0x48,0xBB,0xBB,0xBB,
    0x33,0x22,0x11,0x11,0x33,0x23,0x12,0x42,0x33,0x43,0x44,0x04,0x44,0x08,0x00,0x00,
    0x66,0x86,0x00,0x00,0x66,0x66,0x08,0x00,0xBB,0x84,0xBB,0x88,0xBB,0xBB,0xB4,0xAB,
    0x03,0x00,0x00,0x4F,0x00,0x00,0x00,0x8F,0x00,0x00,0xF0,0x44,0x00,0x00,0x8F,0x44,
    0x00,0x00,0xF0,0x8F,0x00,0x00,0x00,0x80,0x08,0x00,0xF0,0xFF,0x4A,0x08,0xFF,0x9B,
    0x44,0x44,0x44,0x08,0x44,0x44,0x84,0x84,0x44,0x44,0xF8,0x08,0x44,0x84,0x08,0x00,
    0x84,0x48,0x0F,0x00,0x0F,0xFF,0x00,0x00,0x0F,0x00,0x00,0x00,0xF9,0x00,0x00,0x00,
    0x00,0x00,0x00,0x00,0x00,0x00,0x00,0x00,0x00,0x00,0x00,0x00,0x00,0x00,0x00,0x00,
    0x00,0x00,0x00,0x00,0x00,0x00,0x00,0x00,0x00,0x00,0x00,0x00,0x00,0x00,0x00,0x00,
    0x00,0xE5,0x9E,0x99,0x00,0xE6,0x9E,0x99,0x00,0x60,0x99,0x99,0x00,0x00,0x9F,0x6F,
    0x00,0x00,0xF0,0x66,0x00,0x00,0xF0,0xA5,0x00,0x00,0x60,0xAB,0x00,0x00,0x00,0xBF,
    0x99,0xF9,0x00,0x00,0x99,0x0F,0x00,0x00,0xFF,0x00,0x00,0x00,0x66,0x0F,0x00,0x00,
    0xBB,0x0F,0x00,0x00,0xAA,0xFB,0x00,0x00,0x6A,0xF6,0x00,0x00,0xF6,0x4F,0x00,0x80,
    0x00,0x00,0x48,0xAA,0x00,0x80,0xAA,0xBA,0x00,0xA8,0xAA,0xBA,0x00,0xA4,0xAA,0xBB,
    0x80,0xAA,0xBB,0xBB,0x80,0xBA,0xBB,0xBB,0xA8,0xBB,0xBB,0xBB,0xB1,0xBB,0xBB,0xFB,
    0x4B,0xBB,0xBB,0xBB,0x4B,0xBB,0xBB,0xBB,0xB4,0xBB,0xBB,0xBB,0xB4,0xBB,0xBB,0xBB,
    0xB4,0xBB,0xBB,0xBB,0xB4,0xBB,0xBB,0xBB,0xB4,0xBB,0xBB,0xBB,0xBF,0xBB,0xBB,0xBB,
    0xBB,0x4B,0xBB,0xAB,0xBB,0x4B,0xBB,0xAB,0xBB,0x4B,0xBB,0xBB,0xBB,0x4B,0xBB,0xBB,
    0xBB,0xBB,0xB4,0xBB,0xBB,0xBB,0xB4,0xBB,0xBB,0xBB,0x4B,0xBB,0xBB,0xBB,0x4B,0x8B,
    0xAA,0x8A,0xBF,0x9A,0xAA,0xAA,0x98,0x99,0xAA,0xAA,0x8A,0x99,0xAB,0xAA,0x8A,0x99,
    0xBB,0xAB,0x2A,0xA9,0xBB,0xBB,0x2B,0xFF,0xBB,0xBB,0x2B,0x81,0xBF,0xBB,0x2B,0x11,
    0x99,0x0F,0x00,0x00,0x99,0xF5,0x00,0x00,0x99,0x99,0x0F,0x00,0x99,0x99,0x0F,0x00,
    0xFF,0x95,0x0F,0x00,0xBB,0xFF,0x00,0x00,0xAB,0xBB,0x0F,0x00,0xB8,0x66,0x0F,0x00,
    0x00,0x00,0x00,0x00,0x00,0x00,0x00,0x00,0x00,0x00,0x00,0x00,0x00,0x00,0x00,0x00,
    0x00,0x00,0x00,0x00,0x00,0x00,0x00,0x00,0x00,0x00,0x00,0x00,0x00,0x00,0x00,0x00,
    0x00,0x00,0x00,0x5F,0x00,0x00,0x00,0xF0,0x00,0x00,0x00,0x00,0x00,0x00,0x00,0x00,
    0x00,0x00,0x00,0x00,0x00,0x00,0x00,0x00,0x00,0x00,0x00,0x00,0x00,0x00,0x00,0x00,
    0x4F,0x22,0x0F,0x18,0x2F,0x22,0xF3,0x18,0x24,0x22,0x82,0x21,0x2F,0x22,0x23,0x22,
    0x40,0x22,0x23,0x22,0xF0,0x22,0x22,0x22,0x00,0x2F,0x22,0x22,0x00,0xF0,0x22,0x22,
    0xB1,0xBB,0xBB,0x0F,0xB2,0xBB,0xFB,0x00,0xB2,0xBB,0x0F,0x00,0xB2,0x8B,0x00,0x00,
    0xB2,0x04,0x00,0x00,0xB2,0x08,0x00,0x00,0xF2,0x00,0x00,0x00,0x08,0x00,0x00,0x00,
    0x80,0xBB,0xBB,0xBB,0x80,0xBB,0xBB,0xBB,0x00,0xB4,0xBB,0xBB,0x00,0xB8,0xBA,0xBB,
    0x00,0x40,0xAB,0xBB,0x00,0x80,0xBA,0xBA,0x00,0x80,0x88,0x88,0x00,0xA8,0xAA,0xAA,
    0xBB,0xBB,0xBB,0x84,0xBB,0xBB,0xBB,0x88,0xBB,0xBB,0xBB,0x8F,0xBB,0xBB,0xBB,0x0F,
    0xBB,0xBB,0x8B,0x00,0xBB,0xBB,0xFB,0x00,0x88,0x88,0x88,0x00,0xBA,0xBB,0xBB,0x08,
    0xF8,0xBF,0x2B,0x12,0x00,0xF0,0x2B,0x12,0x00,0x00,0x2F,0x22,0x00,0x00,0xF0,0x22,
    0x00,0x00,0x00,0x28,0x00,0x00,0x00,0x2F,0x00,0x00,0x00,0xF0,0x00,0x00,0x00,0x00,
    0x81,0xFF,0x0F,0x00,0x11,0x38,0xF3,0x00,0x11,0x81,0xF3,0x00,0x12,0x11,0x38,0x08,
    0x22,0x12,0x34,0x0F,0x22,0x22,0x33,0x0F,0x22,0x22,0x33,0x08,0x2F,0x32,0xF3,0x00,
    0x00,0x00,0x00,0x00,0x00,0x00,0x00,0x00,0x00,0x00,0x00,0x00,0x00,0x00,0x00,0x00,
    0x00,0x00,0x00,0x00,0x00,0x00,0x00,0x00,0x00,0x00,0x00,0x00,0x00,0x00,0x00,0x00,
    0x00,0x00,0x00,0x00,0x00,0x00,0x00,0x00,0x00,0x00,0x00,0x00,0x00,0x00,0x00,0x00,
    0x00,0x00,0x00,0x00,0x00,0x00,0x00,0x00,0x00,0x00,0x00,0x00,0x00,0x00,0x00,0x00,
    0x00,0x00,0x00,0x00,0x00,0x00,0x00,0x00,0x00,0x00,0x00,0x00,0x00,0x00,0x00,0x00,
    0x00,0x00,0x00,0x00,0x00,0x00,0x00,0x00,0x00,0x00,0x00,0x00,0x00,0x00,0x00,0x00,
    0x00,0x00,0x00,0x00,0x00,0x00,0x00,0x00,0x00,0x00,0x00,0x00,0x00,0x00,0x00,0x00,
    0x00,0x00,0x00,0x00,0x00,0x00,0x00,0x00,0x00,0x00,0x00,0x00,0x00,0x00,0x00,0x00,
    0x00,0x00,0x00,0x00,0x00,0x00,0x00,0x00,0x00,0x00,0x00,0x00,0x00,0x00,0x00,0x00,
    0x00,0x00,0x00,0x00,0x00,0x00,0x00,0x00,0x00,0x00,0x00,0x00,0x00,0x00,0x00,0x00,
    0x00,0x00,0x00,0x00,0x00,0x00,0x00,0x00,0x00,0x00,0x00,0x00,0x00,0x00,0x00,0x00,
    0x00,0x00,0x00,0x00,0x00,0x00,0x00,0x00,0x00,0x00,0x00,0x00,0x00,0x00,0x00,0x00,
    0x00,0x00,0x00,0x00,0x00,0x00,0x00,0x00,0x00,0x00,0x00,0x00,0x00,0x00,0x00,0x00,
    0x00,0x00,0x00,0x00,0x00,0x00,0x00,0x00,0x00,0x00,0x00,0x00,0x00,0x00,0x00,0x00,
    0x00,0x00,0x00,0x00,0x00,0x00,0x00,0x00,0x00,0x00,0x00,0x00,0x00,0x00,0x00,0x00,
    0x00,0x00,0x00,0x00,0x00,0x00,0x00,0x00,0x00,0x00,0x00,0x00,0x00,0x00,0x00,0x00,
    0x00,0x00,0x00,0x00,0x00,0x00,0x00,0x00,0x00,0x00,0x00,0x00,0x00,0x00,0x00,0x00,
    0x00,0x00,0x00,0x00,0x00,0x00,0x00,0x00,0x00,0x00,0x00,0x00,0x00,0x00,0x00,0x00,
    0x00,0x00,0x00,0x00,0x00,0x00,0x00,0x00,0x00,0x00,0x00,0x00,0x00,0x00,0x00,0x00,
    0x00,0x00,0x00,0x00,0x00,0x00,0x00,0x00,0x00,0x00,0x00,0x00,0x00,0x00,0x00,0x00,
    0x00,0x00,0x00,0x00,0x00,0x00,0x00,0x00,0x00,0x00,0x00,0x00,0x00,0x00,0x00,0x00,
    0x00,0x00,0x00,0x00,0x00,0x00,0x00,0x00,0x00,0x00,0x00,0x00,0x00,0x00,0x00,0x00,
    0x00,0x00,0x00,0x00,0x00,0x00,0x00,0x00,0x00,0x00,0x00,0x00,0x00,0x00,0x00,0x00,
    0x00,0x00,0x00,0x00,0x00,0x00,0x00,0x00,0x00,0x00,0x00,0x00,0x00,0x00,0x00,0x00,
    0x00,0x00,0x00,0x00,0x00,0x00,0x00,0x00,0x00,0x00,0x00,0x00,0x00,0x00,0x00,0x00,
    0x00,0x00,0x00,0x00,0x00,0x00,0x00,0x00,0x00,0x00,0x00,0x00,0x00,0x00,0x00,0x00,
    0x00,0x00,0x00,0x00,0x00,0x00,0x00,0x00,0x00,0x00,0x00,0x00,0x00,0x00,0x00,0x00,
    0x00,0x00,0x00,0x00,0x00,0x00,0x00,0x00,0x00,0x00,0x00,0x00,0x00,0x00,0x00,0x00,
    0x00,0x00,0x00,0x00,0x00,0x00,0x00,0x00,0x00,0x00,0x00,0x00,0x00,0x00,0x00,0x00,
    0x00,0x00,0x00,0x00,0x00,0x00,0x00,0x00,0x00,0x00,0x00,0x00,0x00,0x00,0x00,0x00,
    0x00,0x00,0x00,0x00,0x00,0x00,0x00,0x00,0x00,0x00,0x00,0x00,0x00,0x00,0x00,0x00,
    0x00,0x00,0x00,0x00,0x00,0x00,0x00,0x00,0x00,0x00,0x00,0x00,0x00,0x00,0x00,0x00,
    0x00,0x00,0x00,0x00,0x00,0x00,0x00,0x00,0x00,0x00,0x00,0x00,0x00,0x00,0x00,0x00,
    0x00,0x00,0x00,0x00,0x00,0x00,0x00,0x00,0x00,0x00,0x00,0x00,0x00,0x00,0x00,0x00,
    0x00,0x00,0x00,0x00,0x00,0x00,0x00,0x00,0x00,0x00,0x00,0x00,0x00,0x00,0x00,0x00,
    0x00,0x00,0x00,0x00,0x00,0x00,0x00,0x00,0x00,0x00,0x00,0x00,0x00,0x00,0x00,0x00,
    0x00,0x00,0x00,0x00,0x00,0x00,0x00,0x00,0x00,0x00,0x00,0x00,0x00,0x00,0x00,0x00,
    0x00,0x00,0x00,0x00,0x00,0x00,0x00,0x55,0x00,0x00,0x00,0xA5,0x00,0x00,0x00,0xB6,
    0x00,0x00,0x00,0x00,0x00,0x00,0x00,0x00,0x00,0x00,0x00,0x00,0x00,0x00,0x00,0x00,
    0x00,0x00,0x00,0x00,0x65,0x00,0x00,0x00,0xBB,0x66,0x00,0x00,0xBB,0xBB,0x06,0x00,
    0x00,0x00,0x00,0x00,0x00,0x00,0x00,0x00,0x00,0x00,0x00,0x00,0x00,0x00,0x00,0x56,
    0x00,0x00,0x56,0x6A,0x00,0x60,0xAA,0xA5,0x00,0xA6,0x5A,0xAA,0x60,0xAA,0xA5,0xAA,
    0x00,0x00,0x00,0x00,0x00,0x66,0x66,0x06,0x56,0xAA,0xAA,0xB9,0xAA,0xAA,0xAA,0xEA,
    0xAA,0xAA,0xAA,0xAA,0xA6,0xBB,0xBB,0xBB,0xB6,0xBB,0xBB,0xBB,0xB6,0xBB,0xBB,0xBB,
    0x00,0x00,0x00,0x00,0x00,0x00,0x00,0x00,0x66,0x00,0x00,0x00,0xEE,0x65,0x00,0x00,
    0xE9,0xEE,0x06,0x00,0xE9,0xEE,0x89,0x00,0x9B,0xEE,0x46,0x48,0x9B,0x99,0x48,0x74,
    0x00,0x00,0x00,0x00,0x00,0x00,0x00,0x00,0x00,0x00,0x00,0x00,0x00,0x00,0x00,0x00,
    0x00,0x00,0x00,0x00,0x00,0x00,0x00,0x00,0x00,0x00,0x00,0x00,0x08,0x00,0x00,0x00,
    0x00,0x00,0x00,0x00,0x00,0x00,0x00,0x00,0x00,0x00,0x00,0x00,0x00,0x00,0x00,0x00,
    0x00,0x00,0x00,0x00,0x00,0x00,0x00,0x00,0x00,0x00,0x00,0x00,0x00,0x00,0x00,0x00,
    0x00,0x00,0x00,0x00,0x00,0x00,0x00,0x00,0x00,0xF0,0x0F,0x00,0x00,0x6F,0xF6,0x00,
    0xF0,0x55,0xF6,0x00,0xF0,0x65,0x66,0x0F,0x00,0x6F,0x66,0xFF,0x00,0xFF,0x56,0x99,
    0x00,0x00,0x00,0xB6,0x00,0x00,0x00,0xB6,0x00,0x00,0x00,0x60,0x00,0x00,0xFF,0x60,
    0x00,0xF0,0x65,0x0F,0x00,0xF0,0x66,0x0F,0xF5,0x6F,0x66,0x00,0x99,0x6F,0xF6,0x00,
    0xBB,0xBB,0x6B,0x00,0xBB,0xBB,0xBB,0x06,0xBB,0xBB,0xBB,0x66,0xBB,0xBB,0xBB,0x6B,
    0xB6,0xBB,0xBB,0x6B,0xB6,0xBB,0xBB,0x65,0x60,0xBB,0xBB,0xB5,0x00,0x66,0xBB,0x6B,
    0x60,0xBB,0xA5,0xBA,0xB6,0x6B,0xAA,0xBA,0xB6,0x5B,0xAA,0x5B,0xBB,0xB6,0xAA,0x6B,
    0xBB,0xB6,0xBB,0x6B,0x66,0xB5,0xBB,0x65,0xA6,0xBB,0xBB,0xB6,0xAA,0xB5,0x6B,0xBB,
    0xB6,0xBB,0xBB,0xBB,0xB6,0xBB,0xBB,0xBB,0xBB,0xBB,0xBB,0x9B,0xBB,0xBB,0xBB,0x9B,
    0xBB,0xBB,0xBB,0x99,0xBB,0xBB,0x9B,0x48,0xBB,0xBB,0x8B,0x48,0xBB,0xBB,0x8F,0x8F,
    0x99,0x89,0x77,0x88,0x99,0x79,0x77,0x77,0x99,0x78,0x77,0x77,0x89,0x48,0x77,0x77,
    0x48,0x88,0x48,0x77,0x44,0x78,0x87,0x74,0x84,0x22,0x32,0x88,0x24,0x22,0x43,0x43,
    0x87,0x00,0x00,0x00,0x84,0x08,0x00,0x00,0x77,0x84,0x08,0x00,0x77,0x77,0x84,0x00,
    0x77,0x77,0x77,0x08,0x77,0x77,0x77,0x84,0x74,0x77,0x77,0x47,0x48,0x77,0x47,0x44,
    0x00,0x00,0x00,0x00,0x00,0x00,0x00,0x00,0x00,0x00,0x00,0x00,0x00,0x00,0x00,0x00,
    0x00,0x00,0x00,0x00,0x00,0x00,0x00,0x00,0x08,0x00,0x00,0x00,0x84,0x00,0x00,0x00,
    0x00,0x6F,0x9F,0x99,0x00,0xF0,0x59,0x99,0x00,0x00,0x95,0x99,0x00,0x00,0xEF,0x99,
    0x00,0x00,0xF0,0x5F,0x00,0x00,0x00,0x00,0x00,0x00,0x00,0x00,0x00,0x00,0x00,0x00,
    0x99,0x69,0xF6,0x0F,0x99,0x99,0x99,0x0F,0x99,0x99,0x99,0x0F,0x99,0x99,0xFF,0xF6,
    0xE5,0xF9,0x66,0xB5,0xF0,0x6F,0xAA,0xBA,0x00,0xAF,0xBA,0x66,0x00,0xAF,0x6B,0xFF,
    0x00,0x00,0x66,0x66,0x00,0x00,0x00,0x66,0x00,0x00,0x00,0x60,0x00,0x00,0x00,0x8F,
    0x0F,0x00,0x00,0x8F,0xF5,0x00,0xF0,0x88,0xF5,0x00,0xF0,0x88,0xFF,0x00,0xF0,0x88,
    0xBA,0x66,0xB6,0xBB,0xBB,0xB6,0xBB,0xBB,0xBB,0xB6,0xBB,0xBB,0x88,0xB8,0xBB,0x88,
    0x8F,0x4F,0x88,0x44,0x88,0xF8,0x44,0x44,0x88,0x88,0x8F,0x44,0x88,0x88,0x88,0x4F,
    0xBB,0xFB,0xF4,0x83,0xBB,0x4F,0x28,0x83,0xF8,0x44,0x28,0x43,0x44,0x44,0x28,0x13,
    0x44,0x84,0x43,0x13,0x44,0x84,0x43,0x32,0x44,0x38,0x33,0x34,0x44,0x38,0x33,0x23,
    0x28,0x22,0xFE,0x83,0x11,0x22,0xFE,0x02,0x11,0x11,0x8E,0x31,0x11,0x11,0x4E,0x41,
    0x11,0x11,0x11,0x11,0x11,0x11,0x11,0x31,0x12,0x11,0x11,0x41,0x12,0x11,0x21,0x04,
    0x8F,0x44,0x44,0x44,0xF0,0x44,0x44,0x44,0x00,0x4F,0x44,0x44,0x00,0xF0,0x44,0x44,
    0x04,0x00,0x4F,0x44,0x00,0x00,0x8F,0x44,0x00,0x00,0xF0,0x44,0x00,0x00,0xF0,0x48,
    0x84,0x00,0x00,0x00,0x44,0x08,0x00,0x00,0x44,0x84,0x00,0x00,0x44,0x84,0x00,0x00,
    0x44,0x44,0x04,0x00,0x44,0x44,0x84,0x00,0x44,0x44,0x48,0x08,0x44,0x84,0x8F,0x00,
    0x00,0x00,0x00,0x00,0x00,0x00,0x00,0x00,0x00,0x00,0x00,0x00,0x00,0x00,0x00,0x00,
    0x00,0x00,0x00,0x00,0x00,0x00,0x00,0x00,0x00,0x00,0x00,0x00,0x00,0x00,0x00,0x00,
    0x00,0xF0,0xF6,0x22,0x00,0xF0,0x2F,0x22,0x00,0x00,0x28,0x22,0x00,0x00,0x40,0x22,
    0x00,0x00,0xF0,0x22,0x00,0x00,0xF0,0x22,0x00,0x00,0x00,0x34,0x00,0x00,0x00,0x3F,
    0x41,0x00,0x00,0x8F,0x12,0x0F,0x00,0xF0,0x22,0x04,0x00,0x00,0x22,0x82,0x00,0x00,
    0x32,0x43,0x8F,0x48,0x23,0x11,0xA1,0xAA,0x22,0x12,0xA1,0xAA,0x22,0x22,0xB2,0xBB,
    0x88,0x88,0xFF,0xF0,0x8F,0xF8,0x00,0x00,0xFF,0x08,0x00,0x00,0x00,0x00,0x00,0x00,
    0x00,0x80,0x88,0xFF,0x84,0xA4,0xAA,0xB4,0xAA,0xAA,0x4B,0xBB,0xBB,0xBB,0x4B,0xBB,
    0x8F,0x33,0x33,0x33,0xF0,0x38,0x33,0x33,0xF0,0x3F,0x33,0x33,0x68,0x86,0x48,0x43,
    0x6F,0x66,0x55,0x88,0xBB,0x8B,0x66,0x55,0xBB,0xBB,0x8B,0x66,0xBB,0xBB,0xB4,0xB8,
    0x22,0x11,0x11,0x03,0x23,0x12,0x42,0x00,0x43,0x44,0x04,0x00,0x08,0x00,0x00,0x00,
    0x00,0x00,0x00,0x00,0x08,0x00,0x00,0x00,0x85,0x00,0x00,0x00,0x88,0x00,0x00,0x00,
    0x00,0x00,0x4F,0x44,0x00,0xF0,0x48,0x44,0x00,0x00,0xFF,0xF8,0x00,0x00,0x00,0x08,
    0x00,0x00,0x00,0x00,0x00,0x00,0x00,0x00,0x00,0x00,0x00,0x00,0x00,0x00,0x00,0x00,
    0x44,0x88,0x00,0x00,0x88,0xF4,0x00,0x00,0xF0,0x0F,0x00,0x00,0x00,0x00,0x00,0x00,
    0x00,0x00,0x00,0x00,0x00,0x00,0x00,0x00,0x00,0x00,0x00,0x00,0x00,0x00,0x00,0x00,
    0x00,0x00,0x00,0x00,0x00,0x00,0x00,0x00,0x00,0x00,0x00,0x00,0x00,0x00,0x00,0x00,
    0x00,0x00,0x00,0x00,0x00,0x00,0x00,0x00,0x00,0x00,0x00,0x00,0x00,0x00,0x00,0x00,
    0x00,0x00,0x00,0xF0,0x00,0x00,0x00,0x00,0x00,0x00,0x00,0x00,0x00,0x00,0x00,0x00,
    0x00,0x00,0x00,0x00,0x00,0x00,0x00,0x00,0x00,0x00,0x00,0x00,0x00,0x00,0x00,0x00,
    0x22,0x22,0xB2,0xBB,0xFF,0x38,0xB3,0xBB,0x00,0x80,0xF8,0xBF,0x00,0x00,0x00,0x80,
    0x00,0x00,0x00,0x00,0x00,0x00,0x00,0x00,0x00,0x00,0x00,0x00,0x00,0x00,0x00,0x00,
    0xBB,0xBB,0xB4,0xBB,0xBB,0xBB,0xB4,0xBB,0xBB,0x4B,0xBB,0xBB,0xFF,0x8B,0xBB,0xBB,
    0x00,0x8F,0xBB,0xBB,0x00,0xF0,0xBB,0xBB,0x00,0xF0,0xBB,0xBB,0x00,0xF0,0xBB,0xBB,
    0xBB,0x4B,0xBB,0x22,0xBB,0x4B,0xBB,0x12,0xBB,0xB4,0xBB,0x12,0xBB,0xB4,0xBB,0x12,
    0xBB,0xB4,0xBB,0x12,0xBB,0x4B,0xBB,0x22,0xBB,0x8B,0xBB,0x22,0xBB,0xFB,0xBB,0x12,
    0x81,0x00,0x00,0x00,0x11,0x04,0x00,0x00,0x11,0x08,0x00,0x00,0x11,0x41,0x00,0x00,
    0x11,0x41,0x00,0x00,0x11,0x41,0x00,0x00,0x11,0x0F,0x00,0x00,0x22,0x04,0x00,0x00,
    0x00,0x00,0x00,0x00,0x00,0x00,0x00,0x00,0x00,0x00,0x00,0x00,0x00,0x00,0x00,0x00,
    0x00,0x00,0x00,0x00,0x00,0x00,0x00,0x00,0x00,0x00,0x00,0x00,0x00,0x00,0xFF,0x00,
    0x00,0x00,0x00,0x00,0x00,0x00,0x00,0x00,0x00,0x00,0x00,0x00,0x00,0x00,0x00,0x00,
    0x00,0x00,0x00,0x00,0x00,0x00,0x00,0x00,0x00,0x00,0x00,0x00,0x00,0x00,0x00,0x00,
    0x00,0x00,0x00,0x00,0x00,0x00,0x00,0x00,0x00,0x00,0x00,0x00,0x00,0x00,0x00,0x00,
    0x00,0x00,0x00,0x00,0x00,0x00,0x00,0x00,0x00,0x00,0x00,0x00,0x00,0x00,0x00,0x00,
    0x00,0x00,0x00,0x00,0x00,0x00,0x00,0x00,0x00,0x00,0x00,0x00,0x00,0x00,0x00,0x00,
    0x00,0x00,0x00,0x00,0x00,0x00,0x00,0x00,0x00,0x00,0x00,0x00,0x00,0x00,0x00,0x00,
    0x00,0x00,0x00,0x00,0x00,0x00,0x00,0x00,0x00,0x00,0x00,0x00,0x00,0x00,0x00,0x00,
    0x00,0x00,0x00,0xB0,0x00,0x00,0xB0,0xAA,0x00,0x00,0xB5,0xAA,0x00,0x50,0xAA,0xBB,
    0x00,0x80,0xBB,0xBB,0x00,0x80,0xBB,0xBB,0x00,0xA8,0xBB,0xBB,0x00,0xAF,0xBA,0xBB,
    0xBB,0xAA,0xBB,0xBB,0xBA,0xBB,0xBA,0xBB,0xAA,0xBA,0xBB,0xBB,0xAA,0xBB,0xBB,0xFB,
    0xBB,0xFB,0xAA,0x11,0xBB,0xBF,0xAA,0x11,0xBB,0xA8,0xAA,0x11,0xFB,0xAB,0xAA,0xF1,
    0x8B,0xBB,0xBB,0x84,0xBF,0xAB,0xAA,0x41,0xB4,0xBB,0xAA,0x11,0xBB,0xBB,0xBB,0x22,
    0x82,0x00,0x00,0x00,0x88,0x00,0x00,0x00,0x0F,0x00,0x00,0x00,0x08,0x00,0x00,0xF0,
    0x08,0x00,0x00,0xF0,0x44,0x00,0x00,0xAB,0x21,0x44,0xFF,0xAF,0x22,0xF2,0xFB,0xBA,
    0xB0,0x6F,0x55,0x0F,0xAF,0xF5,0x56,0x0F,0xAF,0xF5,0xFF,0x00,0xBB,0x6F,0x0F,0xF0,
    0xBF,0x66,0x0F,0x5F,0xFA,0x96,0xFF,0x55,0xAA,0x9F,0x69,0x65,0xAB,0x9F,0x59,0xF6,
    0x00,0x00,0x00,0x00,0x00,0x00,0x00,0x00,0x00,0x00,0x00,0x00,0x0F,0x00,0x00,0x00,
    0xF5,0x00,0x00,0x00,0xF5,0x00,0x00,0x00,0x0F,0x00,0x00,0x00,0x00,0x00,0x00,0x00,
    0x00,0x00,0x00,0x00,0x00,0x00,0x00,0x00,0x00,0x00,0x00,0x00,0x00,0x00,0x00,0x00,
    0x00,0x00,0x00,0x00,0x00,0x00,0x00,0x00,0x00,0x00,0x00,0x00,0x00,0x00,0x00,0x00,
    0x00,0x00,0x00,0x00,0x00,0x00,0x00,0x00,0x00,0x00,0x00,0x00,0x00,0x00,0x00,0x00,
    0x00,0x00,0x00,0x00,0x00,0x00,0x00,0x00,0x00,0x00,0x00,0x00,0x00,0x00,0x00,0x00,
    0x00,0x00,0x00,0x00,0x00,0x00,0x00,0x00,0x00,0x00,0x00,0x00,0x00,0x00,0x00,0x00,
    0x00,0x00,0x00,0x00,0x00,0x00,0x00,0x00,0x00,0x00,0x00,0x00,0x00,0x00,0x00,0x00,
    0x00,0x00,0x00,0x00,0x00,0x00,0x00,0x00,0x00,0x00,0x00,0x00,0x00,0x00,0x00,0x00,
    0x00,0x00,0x00,0x00,0x00,0x00,0x00,0x00,0x00,0x00,0x00,0x00,0x00,0x00,0x00,0x00,
    0x00,0x00,0x00,0x00,0x00,0x00,0x00,0x00,0x00,0x00,0x00,0x00,0x00,0x00,0x00,0x00,
    0x00,0x00,0x00,0x00,0x00,0x00,0x00,0x00,0x00,0x00,0x00,0x00,0x00,0x00,0x00,0x00,
    0x00,0x00,0x00,0x00,0x00,0x00,0x00,0x00,0x00,0x00,0x00,0x00,0x00,0x00,0x00,0x00,
    0x00,0x00,0x00,0x00,0x00,0x00,0x00,0x00,0x00,0x00,0x00,0x00,0x00,0x00,0x00,0x00,
    0x00,0x00,0x00,0x00,0x00,0x00,0x00,0x00,0x00,0x00,0x00,0x00,0x00,0x00,0x00,0x00,
    0x00,0x00,0x00,0x00,0x00,0x00,0x00,0x00,0x00,0x00,0x00,0x00,0x00,0x00,0x00,0x00,
    0x00,0x00,0x00,0x00,0x00,0x00,0x00,0x00,0x00,0x00,0x00,0x00,0x00,0x00,0x00,0x00,
    0x00,0x00,0x00,0x00,0x00,0x00,0x00,0x00,0x00,0x00,0x00,0x00,0x00,0x00,0x00,0x00,
    0x00,0x00,0x00,0x00,0x00,0x00,0x00,0x00,0x00,0x00,0x00,0x00,0x00,0x00,0x00,0x00,
    0x00,0x00,0x00,0x00,0x00,0x00,0x00,0x00,0x00,0x00,0x00,0x00,0x00,0x00,0x00,0x00,
    0x00,0x00,0x00,0x00,0x00,0x00,0x00,0x00,0x00,0x00,0x00,0x00,0x00,0x00,0x00,0x00,
    0x00,0x00,0x00,0x00,0x00,0x00,0x00,0x00,0x00,0x00,0x00,0x00,0x00,0x00,0x00,0x00,
    0x00,0x00,0x00,0x00,0x00,0x00,0x00,0x00,0x00,0x00,0x00,0x00,0x00,0x00,0x00,0x00,
    0x00,0x00,0x00,0x00,0x00,0x00,0x00,0x00,0x00,0x00,0x00,0x00,0x00,0x00,0x00,0x00,
    0x00,0x00,0x00,0x00,0x00,0x00,0x00,0x00,0x00,0x00,0x00,0x00,0x00,0x00,0x00,0x00,
    0x00,0x00,0x00,0x00,0x00,0x00,0x00,0x00,0x00,0x00,0x00,0x00,0x00,0x00,0x00,0x00,
    0x00,0x00,0x00,0x00,0x00,0x00,0x00,0x00,0x00,0x00,0x00,0x00,0x00,0x00,0x00,0x00,
    0x00,0x00,0x00,0x00,0x00,0x00,0x00,0x00,0x00,0x00,0x00,0x00,0x00,0x00,0x00,0x00,
    0x00,0x00,0x00,0x00,0x00,0x00,0x00,0x00,0x00,0x00,0x00,0x00,0x00,0x00,0x00,0x00,
    0x00,0x00,0x00,0x00,0x00,0x00,0x00,0x00,0x00,0x00,0x00,0x00,0x00,0x00,0x00,0x00,
    0x00,0x00,0x00,0x00,0x00,0x00,0x00,0x00,0x00,0x00,0x00,0x00,0x00,0x00,0x00,0x00,
    0x00,0x00,0x00,0x00,0x00,0x00,0x00,0x00,0x00,0x00,0x00,0x00,0x00,0x00,0x00,0x00,
    0x00,0x00,0x00,0x00,0x00,0x00,0x00,0x00,0x00,0x00,0x00,0x00,0x00,0x00,0x00,0x00,
    0x00,0x00,0x00,0x00,0x00,0x00,0x00,0x00,0x00,0x00,0x00,0x00,0x00,0x00,0x00,0x00,
    0x00,0x00,0x00,0x00,0x00,0x00,0x00,0x00,0x00,0x00,0x00,0x00,0x00,0x00,0x00,0x00,
    0x00,0x00,0x00,0x00,0x00,0x00,0x00,0x00,0x00,0x00,0x00,0x00,0x55,0x65,0x00,0x00,
    0x00,0x00,0x00,0x00,0x00,0x00,0x00,0x00,0x00,0x00,0x00,0x00,0x00,0x00,0x00,0x00,
    0x00,0x00,0x00,0x00,0x00,0x00,0x00,0x00,0x00,0x00,0x00,0x56,0x00,0x00,0x60,0xAA,
    0x00,0x00,0x00,0x00,0x00,0x00,0x00,0x00,0x00,0x00,0x00,0x00,0x00,0x00,0x66,0x66,
    0x00,0x56,0xAA,0xAA,0x56,0xAA,0xAA,0xAA,0x6A,0xAA,0xAA,0xAA,0xA5,0xA6,0xBB,0xBB,
    0x00,0x00,0x00,0x00,0x00,0x00,0x00,0x00,0x00,0x00,0x00,0x00,0x06,0x00,0x00,0x00,
    0xB9,0x66,0x00,0x00,0xEA,0xEE,0x65,0x00,0xAA,0xE9,0xEE,0x06,0xAB,0xE9,0xEE,0x69,
    0x00,0x00,0x00,0x00,0x00,0x00,0x00,0x00,0x00,0x00,0x00,0x00,0x00,0x00,0x00,0x00,
    0x00,0x00,0x00,0x00,0x00,0x00,0x00,0x00,0x00,0x00,0x00,0x00,0x00,0x00,0x00,0x00,
    0x00,0x00,0x00,0x00,0x00,0x00,0x00,0x00,0x00,0x00,0x00,0x00,0x00,0x00,0x00,0x00,
    0x00,0x00,0x00,0x00,0x00,0x00,0x00,0x00,0x00,0x00,0x00,0x00,0x00,0x00,0x00,0x00,
    0x00,0x00,0x00,0x00,0x00,0x00,0x00,0x00,0x00,0x00,0x00,0x00,0x00,0x00,0x00,0x00,
    0x00,0x00,0x00,0x00,0x00,0x00,0x00,0x00,0x00,0x00,0x00,0x00,0x00,0x00,0x00,0x00,
    0x00,0x00,0x00,0x00,0x00,0x00,0x00,0x00,0x00,0x00,0x00,0x00,0x00,0x00,0x00,0x00,
    0x00,0x00,0x00,0x00,0x00,0x00,0x00,0x00,0x00,0x00,0x00,0x00,0x00,0x00,0x00,0x00,
    0xA5,0xBB,0x66,0x00,0xB8,0xBB,0xBB,0x06,0xB8,0xBB,0xBB,0x6B,0xB8,0xBB,0xBB,0xBB,
    0x80,0xBB,0xBB,0xBB,0x80,0xBB,0xBB,0xBB,0x00,0xB8,0xBB,0xBB,0x00,0xB8,0xBB,0xBB,
    0x00,0x00,0xA6,0x5A,0x00,0x60,0xAA,0xA5,0x00,0x66,0xBB,0xA5,0x06,0xB6,0x6B,0xAA,
    0x66,0xB6,0x5B,0xAA,0x6B,0xBB,0xB6,0xAA,0x6B,0xBB,0xB6,0xBB,0x65,0x66,0xB5,0xBB,
    0xAA,0xB6,0xBB,0xBB,0xAA,0xB6,0xBB,0xBB,0xBA,0xB6,0xBB,0xBB,0xBA,0xB6,0xBB,0xBB,
    0x5B,0xBB,0xBB,0xBB,0x6B,0xBB,0xBB,0xBB,0x6B,0xBB,0xBB,0xBB,0x65,0xBB,0xBB,0x9B,
    0xBB,0x9B,0xEE,0x46,0xBB,0x9B,0x99,0x46,0xBB,0x99,0x69,0x77,0xBB,0x99,0x79,0x77,
    0x9B,0x99,0x78,0x77,0x9B,0x69,0x48,0x77,0x99,0x46,0x88,0x44,0x48,0x44,0x78,0x48,
    0x48,0x00,0x00,0x00,0x74,0x08,0x00,0x00,0x78,0x87,0x00,0x00,0x87,0x87,0x00,0x00,
    0x77,0x88,0x00,0x00,0x77,0x77,0x08,0x00,0x77,0x77,0x87,0x00,0x74,0x77,0x77,0x08,
    0x00,0x00,0x00,0x00,0x00,0x00,0x00,0x00,0x00,0x00,0x00,0x00,0x00,0x00,0x00,0x00,
    0x00,0xF0,0xFF,0x60,0xF0,0xAF,0x5A,0xF5,0x5F,0x56,0xAA,0x65,0x24,0x62,0xB5,0x5B,
    0x00,0x00,0x00,0x00,0x00,0x00,0x00,0x00,0x00,0x60,0x66,0x66,0x60,0xE6,0xEE,0x65,
    0xE6,0xEE,0xEE,0x9E,0xE9,0xEE,0xEE,0x99,0x99,0xEE,0xEE,0xEE,0x9F,0x99,0xEE,0x9E,
    0x00,0x00,0x00,0x00,0x00,0x00,0x00,0x00,0x00,0x00,0x00,0x00,0x66,0x00,0x00,0x00,
    0x65,0x0F,0x00,0x00,0x66,0xF6,0x0F,0x00,0x55,0x55,0xF5,0x00,0x69,0x66,0xF6,0x00,
    0x00,0x80,0xBB,0xBB,0x00,0x00,0x88,0xBB,0x00,0x00,0x00,0x88,0x00,0x00,0x00,0x00,
    0x00,0x00,0x00,0x00,0x00,0x00,0x00,0x00,0x00,0x00,0x00,0x00,0x00,0x00,0x00,0x00,
    0xB5,0xA6,0xBB,0xBB,0x6B,0xAA,0xB5,0x6B,0x68,0xBA,0x66,0xB6,0x68,0xBB,0xB6,0xBB,
    0x60,0xBB,0xB6,0xBB,0x00,0x66,0xB8,0xBB,0x00,0x8F,0x4F,0x88,0x00,0x88,0xF8,0x44,
    0xB6,0xBB,0xBB,0x6B,0xBB,0xBB,0xBB,0x8F,0xBB,0xBB,0xFB,0xF4,0xBB,0xBB,0x4F,0x28,
    0xBB,0x88,0x44,0x28,0x88,0x44,0x44,0x28,0x44,0x44,0x84,0x43,0x44,0x44,0x84,0x43,
    0x48,0x84,0x22,0x82,0x8F,0x24,0x22,0x43,0x83,0x28,0x22,0xFE,0x83,0x11,0x22,0xFE,
    0x43,0x11,0x11,0x8E,0x13,0x11,0x11,0x4E,0x13,0x11,0x11,0x11,0x32,0x11,0x11,0x11,
    0x44,0x77,0x77,0x87,0x48,0x74,0x77,0x77,0x83,0x44,0x77,0x77,0x02,0x48,0x74,0x77,
    0x31,0x84,0x44,0x74,0x41,0x22,0x48,0x44,0x11,0x24,0x48,0x44,0x31,0x22,0x82,0x44,
    0x11,0x21,0x56,0x5B,0x18,0x11,0x6F,0x6B,0x87,0x22,0x66,0xFB,0x47,0x28,0xFF,0xF6,
    0x47,0x84,0xFF,0x0F,0x44,0x74,0x08,0x00,0x44,0x44,0x08,0x00,0x44,0x44,0x84,0x00,
    0x9F,0x99,0x99,0x99,0x9F,0x99,0x99,0xF9,0x96,0x99,0x66,0x0F,0xFF,0x99,0x66,0x0F,
    0x00,0xFF,0x66,0xF6,0x00,0x00,0x6F,0x56,0x00,0x00,0xF0,0x66,0x00,0x00,0x00,0xFF,
    0xF9,0xFF,0x0F,0x00,0x0F,0x00,0x00,0x00,0x00,0x00,0x00,0x00,0x00,0x00,0x00,0x00,
    0x00,0x00,0x00,0x00,0x0F,0x00,0x00,0x00,0x0F,0x00,0x00,0x00,0x00,0x00,0x00,0x00,
    0x00,0x00,0x00,0x00,0x00,0x00,0x00,0x00,0x00,0x00,0x00,0x00,0x00,0x00,0x00,0x00,
    0x00,0x00,0x00,0x00,0x00,0x00,0x00,0x00,0x00,0x00,0x00,0x00,0x00,0x00,0x00,0x00,
    0xF0,0x88,0x88,0x8F,0xF0,0x88,0x88,0x88,0xF0,0x88,0x88,0x88,0x00,0x88,0x88,0x88,
    0x00,0x8F,0x88,0x88,0x00,0xF0,0x8F,0xF8,0x00,0x00,0xF0,0x0F,0x00,0x00,0xF0,0xFF,
    0x44,0x44,0x38,0x33,0x4F,0x44,0x38,0x33,0xF8,0x8F,0x33,0x33,0xFF,0xF0,0x38,0x33,
    0xF8,0xF0,0x3F,0x33,0x0F,0x6F,0x34,0x33,0xF0,0x66,0x86,0x33,0x6F,0x66,0x86,0x33,
    0x34,0x12,0x11,0x11,0x23,0x12,0x11,0x21,0x33,0x22,0x11,0x11,0x33,0x23,0x12,0x42,
    0x33,0x43,0x44,0x24,0x43,0x28,0x22,0x33,0x83,0x2F,0x33,0xFF,0x64,0x3F,0x83,0x00,
    0x41,0x22,0x82,0x44,0x24,0x22,0x22,0x48,0x23,0x22,0xF2,0x4F,0x22,0x43,0x0F,0x8F,
    0x22,0x0F,0xF0,0x44,0xF4,0x00,0x8F,0x44,0x00,0x00,0xF0,0x8F,0x00,0x00,0x00,0x80,
    0x44,0x44,0x84,0x00,0x44,0x44,0x44,0x00,0x44,0x44,0x44,0x08,0x44,0x44,0x84,0x84,
    0x44,0x44,0xF8,0x08,0x44,0x84,0x08,0x00,0x84,0x48,0x0F,0x00,0x0F,0xFF,0x00,0x00,
    0x00,0x00,0x00,0x00,0x00,0x00,0x00,0x00,0x00,0x00,0x00,0x00,0x00,0x00,0x00,0x00,
    0x00,0x00,0x00,0x00,0x00,0x00,0x00,0x00,0x00,0x00,0x00,0x00,0x00,0x00,0x00,0x00,
    0x00,0x00,0x00,0x00,0x00,0x00,0x00,0x00,0x00,0x00,0x00,0x00,0x00,0x00,0x00,0x00,
    0x00,0x00,0x00,0x00,0x00,0x00,0x00,0x00,0x00,0x00,0x00,0x00,0x00,0x00,0x00,0x00,
    0x00,0x00,0x00,0x00,0x00,0x00,0x00,0x00,0x00,0x00,0x00,0x00,0x00,0x00,0x00,0x00,
    0x00,0x00,0x00,0x00,0x00,0x00,0x00,0x00,0x00,0x00,0x00,0x80,0x00,0x00,0x00,0x18,
    0x00,0x80,0xB8,0xBB,0x00,0xA4,0xBA,0xBB,0x00,0xA8,0xAA,0xBB,0x40,0xAA,0xAA,0xBB,
    0x80,0xAA,0xBA,0xBB,0x18,0xAA,0xBB,0xFF,0x11,0xFA,0x66,0x55,0x21,0x5F,0xF5,0x56,
    0x64,0x66,0x66,0x38,0x4B,0x66,0x66,0x35,0x4B,0x66,0x56,0x8D,0x4B,0x66,0xD4,0x9D,
    0x8B,0xCD,0xCC,0xDC,0x8B,0xCD,0xCC,0xCC,0x8F,0xDD,0xCC,0xCC,0xDF,0xDD,0xCD,0xCC,
    0x64,0x36,0x0F,0x00,0x68,0xF6,0x00,0x00,0x84,0xF6,0x00,0x00,0xF9,0xFB,0x00,0x00,
    0xBE,0xFB,0x00,0x00,0x9B,0x8B,0x00,0x00,0xEA,0xAA,0x08,0x00,0xAA,0xAE,0x0F,0x00,
    0x00,0x00,0x00,0x00,0x00,0x00,0x00,0x00,0x00,0x00,0x00,0x00,0x00,0x00,0x00,0x00,
    0x00,0x00,0x00,0x00,0x00,0x00,0x00,0x00,0x00,0x00,0x00,0x00,0x00,0x00,0x00,0x00,
    0x00,0x00,0x00,0x00,0x00,0x00,0x00,0x00,0x00,0x00,0x00,0x00,0x00,0x00,0x00,0x00,
    0x00,0x00,0x00,0x00,0x00,0x00,0x00,0x00,0x00,0x00,0x00,0x00,0x00,0x00,0x00,0x00,
    0x00,0x00,0x00,0x00,0x00,0x00,0x00,0x00,0x00,0x00,0x00,0x00,0x00,0x00,0x00,0x00,
    0x00,0x00,0x00,0x00,0x00,0x00,0x00,0x00,0x00,0x00,0x00,0x00,0x00,0x00,0x00,0x00,
    0x00,0x00,0x00,0x00,0x00,0x00,0x00,0x00,0x00,0x00,0x00,0x00,0x00,0x00,0x00,0x00,
    0x00,0x00,0x00,0x00,0x00,0x00,0x00,0x00,0x00,0x00,0x00,0x00,0x00,0x00,0x00,0x00,
    0x00,0x00,0xF0,0x11,0x00,0x00,0x18,0x21,0x00,0x00,0x2F,0x32,0x00,0xF0,0x33,0x33,
    0x00,0xF0,0x33,0x33,0x00,0x3F,0x33,0xF3,0x00,0x3F,0x33,0xFF,0x00,0x3F,0x33,0x6F,
    0x32,0x5F,0xF5,0xFF,0xF3,0x66,0x6F,0xDF,0xF3,0x6F,0x66,0xDF,0x56,0xF5,0x96,0xFF,
    0x5F,0x55,0x9F,0x69,0x65,0x56,0x9F,0x59,0x55,0xF6,0x99,0x99,0x66,0x9F,0x99,0xF9,
    0xDD,0xDD,0xDD,0xCD,0xFD,0xDF,0xDD,0xDD,0x5F,0xF5,0xDD,0xDD,0x55,0xF5,0xDD,0xDD,
    0x65,0xDF,0xDD,0xDD,0xF6,0xDD,0xCD,0xEC,0xF6,0xCD,0xCC,0xCE,0xDF,0xCD,0xCC,0xC9,
    0xAA,0xB9,0x8B,0x00,0xBB,0xB9,0x8B,0x00,0x9B,0xBB,0x0B,0x00,0xB9,0xBB,0x0F,0x00,
    0xBB,0x8B,0x00,0x00,0x8A,0x00,0x00,0x00,0x08,0x00,0x00,0x00,0x0F,0x00,0x00,0x00,
    0x00,0x00,0x00,0x00,0x00,0x00,0x00,0x00,0x00,0x00,0x00,0x00,0x00,0x00,0x00,0x00,
    0x00,0x00,0x00,0x00,0x00,0x00,0x00,0x00,0x00,0x00,0x00,0x00,0x00,0x00,0x00,0x00,
    0x00,0x00,0x00,0x00,0x00,0x00,0x00,0x00,0x00,0x00,0x00,0x00,0x00,0x00,0x00,0x00,
    0x00,0x00,0x00,0x00,0x00,0x00,0x00,0x00,0x00,0x00,0x00,0x00,0x00,0x00,0x00,0x00,
    0x00,0x00,0x00,0x00,0x00,0x00,0x00,0x00,0x00,0x00,0x00,0x00,0x00,0x00,0x00,0x00,
    0x00,0x00,0x00,0x00,0x00,0x00,0x00,0x00,0x00,0x00,0x00,0x00,0x00,0x00,0x00,0x00,
    0x00,0x00,0x00,0x00,0x00,0x00,0x00,0x00,0x00,0x00,0x00,0x00,0x00,0x00,0x00,0x00,
    0x00,0x00,0x00,0x00,0x00,0x00,0x00,0x00,0x00,0x00,0x00,0x00,0x00,0x00,0x00,0x00,
    0x00,0x00,0x00,0x00,0x00,0x00,0x00,0x00,0x00,0x00,0x00,0x00,0x00,0x00,0x00,0x00,
    0x00,0x00,0x00,0x00,0x00,0x00,0x00,0x00,0x00,0x00,0x00,0x00,0x00,0x00,0x00,0x00,
    0x00,0x00,0x00,0x00,0x00,0x00,0x00,0x00,0x00,0x00,0x00,0x00,0x00,0x00,0x00,0x00,
    0x00,0x00,0x00,0x00,0x00,0x00,0x00,0x00,0x00,0x00,0x00,0x00,0x00,0x00,0x00,0x00,
    0x00,0x00,0x00,0x00,0x00,0x00,0x00,0x00,0x00,0x00,0x00,0x00,0x00,0x00,0x00,0x00,
    0x00,0x00,0x00,0x00,0x00,0x00,0x00,0x00,0x00,0x00,0x00,0x00,0x00,0x00,0x00,0x00,
    0x00,0x00,0x00,0x00,0x00,0x00,0x00,0x00,0x00,0x00,0x00,0x00,0x00,0x00,0x00,0x00,
    0x00,0x00,0x00,0x00,0x00,0x00,0x00,0x00,0x00,0x00,0x00,0x00,0x00,0x00,0x00,0x00,
    0x00,0x00,0x00,0x00,0x00,0x00,0x00,0x00,0x00,0x00,0x00,0x00,0x00,0x00,0x00,0x00,
    0x00,0x00,0x00,0x00,0x00,0x00,0x00,0x00,0x00,0x00,0x00,0x00,0x00,0x00,0x00,0x00,
    0x00,0x00,0x00,0x00,0x00,0x00,0x00,0x00,0x00,0x00,0x00,0x00,0x00,0x00,0x00,0x00,
    0x00,0x00,0x00,0x00,0x00,0x00,0x00,0x00,0x00,0x00,0x00,0x00,0x00,0x00,0x00,0x00,
    0x00,0x00,0x00,0x00,0x00,0x00,0x00,0x00,0x00,0x00,0x00,0x00,0x00,0x00,0x00,0x00,
    0x00,0x00,0x00,0x00,0x00,0x00,0x00,0x00,0x00,0x00,0x00,0x00,0x00,0x00,0x00,0x00,
    0x00,0x00,0x00,0x00,0x00,0x00,0x00,0x00,0x00,0x00,0x00,0x00,0x00,0x00,0x00,0x00,
    0x00,0x00,0x00,0x00,0x00,0x00,0x00,0x00,0x00,0x00,0x00,0x00,0x00,0x00,0x00,0x00,
    0x00,0x00,0x00,0x00,0x00,0x00,0x00,0x00,0x00,0x00,0x00,0x00,0x00,0x00,0x00,0x00,
    0x00,0x00,0x00,0x00,0x00,0x00,0x00,0x00,0x00,0x00,0x00,0x00,0x00,0x00,0x00,0x00,
    0x00,0x00,0x00,0x00,0x00,0x00,0x00,0x00,0x00,0x00,0x00,0x00,0x00,0x00,0x00,0x00,
    0x00,0x00,0x00,0x00,0x00,0x00,0x00,0x00,0x00,0x00,0x00,0x00,0x00,0x00,0x00,0x00,
    0x00,0x00,0x00,0x00,0x00,0x00,0x00,0x00,0x00,0x00,0x00,0x00,0x00,0x00,0x00,0x00,
    0x00,0x00,0x00,0x00,0x00,0x00,0x00,0x00,0x00,0x00,0x00,0x00,0x00,0x00,0x00,0x00,
    0x00,0x00,0x00,0x00,0x00,0x00,0x00,0x00,0x00,0x00,0x00,0x00,0x00,0x00,0x00,0x00,
    0x00,0x00,0x00,0x00,0x00,0x00,0x00,0x00,0x00,0x00,0x00,0x00,0x00,0x00,0x00,0x00,
    0x00,0x00,0x00,0x00,0x00,0x00,0x00,0x00,0x00,0x00,0x00,0x00,0x00,0x00,0x00,0x00,
    0x00,0x00,0x00,0x00,0x00,0x00,0x00,0x00,0x00,0x00,0x00,0x00,0x00,0x00,0x00,0x00,
    0x00,0x00,0x00,0x00,0x00,0x00,0x00,0x00,0x00,0x00,0x00,0x00,0x00,0x00,0x00,0x00,
    0x00,0x00,0x00,0x00,0x00,0x00,0x00,0x00,0x00,0x00,0x00,0x00,0x00,0x00,0x00,0x00,
    0x00,0x00,0x00,0x00,0x00,0x00,0x00,0x00,0x00,0x00,0x00,0x00,0x00,0x00,0x00,0x00,
    0x00,0x00,0x00,0x00,0x00,0x00,0x00,0x00,0x00,0x00,0x00,0x00,0x00,0x00,0x00,0x00,
    0x00,0x00,0x00,0x00,0x00,0x00,0x00,0x00,0x00,0x00,0x00,0x00,0x00,0x00,0x00,0x00,
    0x00,0x00,0x00,0x00,0x00,0x00,0x00,0x00,0x00,0x00,0x00,0x00,0x00,0x00,0x00,0x00,
    0x00,0x00,0x00,0x00,0x00,0x00,0x00,0x00,0x00,0x00,0x00,0x00,0x00,0x00,0x00,0x00,
    0x00,0x00,0x00,0x00,0x00,0x00,0x00,0x00,0x00,0x00,0x00,0x00,0x00,0x00,0x00,0x00,
    0x00,0x00,0x00,0x00,0x00,0x00,0x00,0x00,0x00,0x00,0x00,0x00,0x00,0x00,0x00,0x00,
    0x50,0x55,0x06,0x00,0x50,0xBA,0x6B,0x06,0x60,0xBB,0xBB,0x6B,0x60,0xBB,0xBB,0xBB,
    0x00,0x00,0x00,0x00,0x00,0x00,0x00,0x00,0x00,0x00,0x00,0x00,0x00,0x00,0x00,0x60,
    0x00,0x00,0x00,0xA6,0x00,0x00,0x60,0xAA,0x00,0x00,0xA6,0x5A,0x06,0x00,0xB6,0x5B,
    0x00,0x00,0x60,0x66,0x00,0x60,0xA5,0xAA,0x60,0xA5,0xAA,0xAA,0xA5,0xA6,0xAA,0xAA,
    0x5A,0x6A,0xBA,0xBB,0xA5,0x6A,0xBB,0xBB,0xAA,0x6A,0xBB,0xBB,0xAA,0x6B,0xBB,0xBB,
    0x66,0x00,0x00,0x00,0x9A,0x6B,0x06,0x00,0xAA,0xEE,0x5E,0x06,0xAA,0x9A,0xEE,0x6E,
    0xBB,0x9A,0xEE,0x9E,0xBB,0xBB,0xE9,0x6E,0xBB,0xBB,0x99,0x89,0xBB,0x9B,0x99,0x78,
    0x00,0x00,0x00,0x00,0x00,0x00,0x00,0x00,0x00,0x00,0x00,0x00,0x00,0x00,0x00,0x00,
    0x06,0x00,0x00,0x00,0x84,0x04,0x00,0x00,0x44,0x87,0x00,0x00,0x87,0x77,0x08,0x00,
    0x00,0x00,0x00,0x00,0x00,0x00,0x00,0x00,0x00,0x00,0x00,0x00,0x00,0x00,0x00,0x00,
    0x00,0x00,0x00,0x00,0x00,0x00,0x00,0x00,0x00,0x00,0x00,0x00,0x00,0x00,0x00,0x00,
    0x00,0x00,0x00,0x00,0x00,0x00,0x00,0x00,0x00,0x00,0x00,0x00,0x00,0x00,0x00,0x00,
    0x00,0x00,0x00,0x00,0x00,0x00,0x00,0x00,0x00,0x00,0x00,0x00,0x00,0x00,0x00,0x00,
    0x00,0x00,0x00,0x00,0x00,0x00,0x00,0x00,0x00,0x00,0x00,0x00,0x00,0x00,0x00,0x00,
    0x00,0x00,0x00,0x00,0x00,0x00,0x00,0x00,0x00,0x00,0x00,0x00,0x00,0x00,0x00,0x00,
    0x60,0xBB,0xBB,0xBB,0x00,0xB6,0xBB,0xBB,0x00,0xB6,0xBB,0xBB,0x00,0x60,0xBB,0xBB,
    0x00,0x60,0xBB,0xBB,0x00,0x00,0xB6,0xBB,0x00,0x00,0x60,0xB6,0x00,0x00,0x00,0x60,
    0x6B,0x60,0xBB,0xA6,0x6B,0x66,0xBB,0xA5,0xBB,0xB6,0x6B,0xAB,0xBB,0xB6,0x6B,0xBB,
    0x5B,0x66,0x56,0xBB,0x5B,0x6B,0xBA,0xBB,0xBB,0xA6,0x5A,0xBB,0x66,0xA6,0x6B,0x66,
    0xAA,0x8B,0xBB,0xBB,0xBA,0xB5,0xBB,0xBB,0xBA,0xB6,0xBB,0xBB,0xBB,0xB6,0xBB,0xBB,
    0x5B,0xB6,0xBB,0xBB,0x6B,0xBB,0xBB,0xBB,0xB6,0xBB,0xBB,0xFB,0xBB,0xBB,0xBB,0x4F,
    0xBB,0x9B,0x99,0x77,0xBB,0x99,0x89,0x77,0xBB,0x99,0x88,0x74,0x9B,0x89,0x84,0x48,
    0x89,0x44,0x84,0x87,0x88,0x44,0x28,0x22,0xF8,0x48,0x22,0x32,0x3F,0x88,0x22,0xE2,
    0x77,0x78,0x08,0x00,0x77,0x87,0x08,0x00,0x77,0x77,0x87,0x00,0x74,0x77,0x77,0x08,
    0x44,0x77,0x77,0x87,0x48,0x74,0x77,0x77,0x84,0x44,0x77,0x77,0x3F,0x48,0x74,0x77,
    0x00,0x00,0x00,0x00,0x00,0x00,0x00,0x00,0x00,0x00,0x00,0x00,0x00,0x00,0x00,0x00,
    0x00,0x00,0x00,0x00,0x08,0x00,0x00,0x00,0x87,0x00,0x00,0x00,0x77,0x08,0x00,0x00,
    0x00,0x00,0x00,0x00,0x00,0x00,0x00,0x00,0x00,0x00,0x00,0x00,0x00,0x00,0x00,0x00,
    0x00,0x00,0x00,0x00,0x00,0x00,0x00,0x00,0x00,0x00,0x00,0x00,0x00,0x00,0x00,0x00,
    0x00,0x00,0x00,0x00,0x00,0x00,0x00,0x00,0x00,0x00,0x00,0x00,0x00,0x00,0x00,0x00,
    0x00,0x00,0x00,0x00,0x00,0x00,0x00,0x00,0x00,0x00,0x00,0x00,0x00,0x00,0x00,0x00,
    0x00,0x00,0x00,0x00,0x00,0x00,0x00,0x00,0x00,0x00,0x00,0x00,0x00,0x00,0x00,0x00,
    0x00,0x00,0x00,0x00,0x00,0x00,0x00,0x00,0x00,0x00,0x00,0x00,0x00,0x00,0x00,0x00,
    0x60,0xB6,0x6B,0xBB,0x00,0xB6,0x6B,0xBB,0x00,0x60,0x66,0xBB,0x00,0xF0,0xF8,0x84,
    0x00,0x80,0x88,0x4F,0x00,0x8F,0x88,0xF8,0x00,0x8F,0x88,0x88,0x00,0x8F,0x88,0x88,
    0xBB,0xBB,0xFB,0x84,0xBB,0x8B,0x48,0x84,0x8B,0x48,0x44,0x84,0x48,0x44,0x44,0x38,
    0x44,0x44,0x44,0x38,0x48,0x44,0x84,0x33,0xF8,0x44,0x84,0x33,0x88,0xFF,0x38,0x33,
    0x32,0x18,0x21,0xE2,0x32,0x14,0x11,0xE1,0x32,0x11,0x11,0xE1,0x34,0x11,0x11,0x11,
    0x24,0x13,0x11,0x11,0x43,0x23,0x11,0x11,0x33,0x22,0x11,0x11,0x33,0x23,0x12,0x11,
    0x2F,0x80,0x44,0x77,0x18,0x03,0x48,0x44,0x14,0x04,0x80,0x44,0x11,0x41,0x80,0x44,
    0x11,0x03,0x00,0x48,0x11,0x04,0x00,0x48,0x42,0x00,0x00,0x80,0x31,0x00,0x00,0xF0,
    0x77,0x84,0x00,0x00,0x77,0x44,0x08,0x00,0x44,0x44,0x87,0x00,0x44,0x44,0x84,0x00,
    0x44,0x44,0x44,0x08,0x44,0x44,0x44,0x08,0x44,0x44,0x44,0x04,0x44,0x44,0x44,0x84,
    0x00,0x00,0x00,0x00,0x00,0x00,0x00,0x00,0x00,0x00,0x00,0x00,0x00,0x00,0x00,0x00,
    0x00,0x00,0x00,0x00,0x00,0x00,0x00,0x00,0x00,0x00,0x00,0x00,0x00,0x00,0x00,0x00,
    0x00,0x00,0x00,0x00,0x00,0x00,0x00,0x00,0x00,0x00,0x00,0x00,0x00,0x00,0x00,0x00,
    0x00,0x00,0x00,0x00,0x00,0x00,0x00,0x00,0x00,0x00,0x00,0x00,0x00,0x00,0x00,0x00,
    0x00,0x00,0x00,0x00,0x00,0x00,0x00,0x00,0x00,0x00,0x00,0x00,0x00,0x00,0x00,0x00,
    0x00,0x00,0x00,0x00,0x00,0x00,0x00,0x00,0x00,0x00,0x00,0x00,0x00,0x00,0x00,0x00,
    0x00,0x80,0x88,0x88,0x00,0xF0,0x88,0x88,0x00,0x00,0xFF,0x88,0x00,0x00,0x00,0xFF,
    0x00,0x00,0x00,0x00,0x00,0x00,0x00,0x00,0x00,0x00,0x00,0x00,0x00,0x00,0x00,0x00,
    0xF8,0x0F,0x8F,0x33,0x88,0x0F,0xFF,0x33,0xFF,0xF0,0x48,0x88,0x00,0x80,0x55,0x65,
    0x00,0x80,0x88,0x66,0x00,0x80,0xBB,0xBB,0x00,0x88,0xBB,0xBB,0x88,0xBA,0xBB,0xBB,
    0x33,0x33,0x22,0x21,0x33,0x33,0x44,0x44,0x44,0x83,0x00,0x00,0x66,0x88,0x08,0x00,
    0x66,0x66,0x86,0x00,0x66,0x66,0x66,0x00,0xBB,0x8B,0x4B,0x8B,0xBB,0xBB,0xB4,0xAB,
    0x04,0x00,0x00,0xF0,0x00,0x00,0x00,0x4F,0x00,0x00,0xF0,0x48,0x00,0x00,0x00,0xFF,
    0x00,0x00,0x00,0x00,0x00,0x00,0x00,0x00,0x00,0x00,0x00,0x00,0x84,0x00,0x00,0x00,
    0x48,0x44,0x44,0x48,0x44,0x44,0x84,0x8F,0x44,0x44,0x88,0x00,0x48,0x88,0xF4,0x00,
    0xF8,0xF0,0x0F,0x00,0x00,0x00,0x00,0x00,0x00,0x00,0x00,0x00,0x00,0x00,0x00,0x00,
    0x08,0x00,0x00,0x00,0x00,0x00,0x00,0x00,0x00,0x00,0x00,0x00,0x00,0x00,0x00,0x00,
    0x00,0x00,0x00,0x00,0x00,0x00,0x00,0x00,0x00,0x00,0x00,0x00,0x00,0x00,0x00,0x00,
    0x00,0x00,0x00,0x00,0x00,0x00,0x00,0x00,0x00,0x00,0x00,0x00,0x00,0x00,0x00,0x00,
    0x00,0x00,0x00,0x00,0x00,0x00,0x00,0x00,0x00,0x00,0x00,0x00,0x00,0x00,0x00,0x00,
    0x00,0x00,0x00,0x00,0x00,0x00,0x00,0x00,0x00,0x00,0x00,0x00,0x00,0x00,0x00,0x00,
    0x00,0x00,0x00,0x00,0x00,0x00,0x00,0x00,0x00,0x00,0x00,0x00,0x00,0x00,0x00,0x00,
    0x00,0x00,0x00,0x84,0x00,0x00,0x40,0xAA,0x00,0x00,0xA4,0xBB,0x00,0x00,0xB8,0xBB,
    0x00,0x40,0xB2,0xBB,0x00,0x80,0xB2,0xBB,0x00,0x80,0xB2,0xBB,0x00,0x80,0xB2,0xBB,
    0xBB,0xB8,0xBB,0xBB,0xBB,0xB4,0xBB,0xBB,0x4B,0xBB,0xBB,0xBB,0x4B,0xBB,0xBB,0xBB,
    0x4B,0xBB,0xBB,0xBB,0x4B,0xBB,0xBB,0xBB,0x4B,0xBB,0xBB,0xBB,0xBB,0xB4,0xBB,0xBB,
    0xBB,0x4B,0xBB,0xAB,0xBB,0x4B,0xBB,0xBB,0xBB,0x4B,0xBB,0xBB,0xBB,0x4B,0xBB,0xBB,
    0xBB,0xBB,0xB4,0xBB,0xBB,0xBB,0xB4,0xBB,0xBB,0xBB,0x8B,0xBB,0xBB,0xBB,0xBB,0xB4,
    0xAA,0x08,0x00,0x00,0xAA,0x4A,0x00,0x00,0xAA,0x1A,0x04,0x00,0xAB,0x1A,0x08,0x00,
    0xBB,0x1B,0x81,0x00,0xBB,0x2B,0x82,0x00,0xBB,0x2B,0x42,0x00,0xBB,0x2B,0x22,0x08,
    0x00,0x00,0x00,0x00,0x00,0x00,0x00,0x00,0x00,0x00,0x00,0x00,0x00,0x00,0x00,0x00,
    0x00,0x00,0x00,0x00,0x00,0x00,0x00,0x00,0x00,0x00,0x00,0x00,0x00,0x00,0x00,0x00,
    0x00,0x00,0x00,0x00,0x00,0x00,0x00,0x00,0x00,0x00,0x00,0x00,0x00,0x00,0x00,0x00,
    0x00,0x00,0x00,0x00,0x00,0x00,0x00,0x00,0x00,0x00,0x00,0x00,0x00,0x00,0x00,0x00,
    0x00,0x00,0x00,0x00,0x00,0x00,0x00,0x00,0x00,0x00,0x00,0x00,0x00,0x00,0x00,0x00,
    0x00,0x00,0x00,0x00,0x00,0x00,0x00,0x00,0x00,0x00,0x00,0x00,0x00,0x00,0x00,0x00,
    0x00,0x00,0x00,0x00,0x00,0x00,0x00,0x00,0x00,0x00,0x00,0x00,0x00,0x00,0x00,0x00,
    0x00,0x00,0x00,0x00,0x00,0x00,0x00,0x00,0x00,0x00,0x00,0x00,0x00,0x00,0x00,0x00,
    0x00,0x28,0xB2,0xBB,0x00,0x28,0xB2,0xBB,0x00,0x24,0xB2,0xBB,0x80,0x21,0xB2,0xFB,
    0x80,0x22,0xB2,0xFB,0x40,0x22,0xB2,0xFB,0x18,0x22,0xB2,0x0F,0x28,0x22,0xB2,0x0F,
    0x8B,0xB4,0xBB,0xBB,0x0F,0xB4,0xBB,0xBB,0x0F,0xB8,0xBA,0xBB,0x00,0x40,0xAB,0xBB,
    0x00,0x80,0xBA,0xBA,0x00,0x80,0x88,0x88,0x00,0xA8,0xAA,0xAA,0x80,0xBB,0xBB,0xBB,
    0xBB,0xBB,0xBB,0x88,0xBB,0xBB,0xBB,0x0F,0xBB,0xBB,0xBB,0x0F,0xBB,0xBB,0x8B,0x00,
    0xBB,0xBB,0xFB,0x00,0x88,0x88,0x88,0x00,0xBA,0xBB,0xBB,0x08,0xBB,0xB4,0xBB,0x08,
    0xBB,0x2B,0x22,0x08,0xBF,0x2B,0x22,0x81,0xF0,0x2B,0x22,0x41,0xF0,0x2B,0x22,0x11,
    0x00,0x2F,0x22,0x12,0x00,0x2F,0x22,0x12,0x00,0xF0,0x22,0x22,0x00,0xF0,0x22,0x22,
    0x00,0x00,0x00,0x00,0x00,0x00,0x00,0x00,0x00,0x00,0x00,0x00,0x08,0x00,0x00,0x00,
    0x04,0x00,0x00,0x00,0x81,0x00,0x00,0x00,0x11,0x08,0x00,0x00,0x11,0x04,0x00,0x00,
    0x00,0x00,0x00,0x00,0x00,0x00,0x00,0x00,0x00,0x00,0x00,0x00,0x00,0x00,0x00,0x00,
    0x00,0x00,0x00,0x00,0x00,0x00,0x00,0x00,0x00,0x00,0x00,0x00,0x00,0x00,0x00,0x00,
};
const u32 gLegendsMaySportFront[] = {
    0x00080010,0x00000000,0x00000000,0x00000000,0x00000000,0x00000000,0x00000000,0x00000000,0x00000000,0x00000000,0x00000000,0x00000000,0x00000000,0x00000000,0x00000000,0x00000000,
    0x00000000,0x00000000,0x00000000,0x00000000,0x00000000,0x00000000,0x00000000,0x00000000,0x00000000,0x00000000,0x00000000,0x00000000,0x00000000,0x00000000,0x00000000,0x00000000,
    0x00000000,0x00000000,0x00000000,0x00000000,0x00000000,0x00000000,0x00000000,0x00000000,0x00000000,0x00000000,0x00000000,0x00000000,0x00000000,0x00000000,0x00000000,0x00000000,
    0x00000000,0x00000000,0x00000000,0x00000000,0x00000000,0x00000000,0x00000000,0x00000000,0x00000000,0x00000000,0x00000000,0x00000000,0x00000000,0x00000000,0x00000000,0x00000000,
    0x00000000,0x00000000,0x00000000,0x00000000,0x00000000,0x00000000,0x00000000,0x00000000,0x00000000,0x00000000,0x00000000,0x00000000,0x00000000,0x00000000,0x00000000,0x00000000,
    0x00000000,0x00000000,0x00000000,0x00000000,0x00000000,0x00000000,0x00000000,0x00800000,0x00000000,0x00000000,0x00000000,0x00000000,0x00000000,0x880000B8,0xBB88AB80,0xBB00AAB8,
    0xB8EAA4BB,0x0049AB5B,0x74BA8880,0x877B8000,0x08BB5500,0xB9EAAA00,0xEEEA0008,0x999EB99E,0x4900B484,0x77877788,0x00774783,0x78783287,0x88783487,0x00000000,0x00000000,0x00000000,
    0x00080000,0x84000000,0x44000000,0x00000008,0x00000448,0x00008748,0x00000000,0x00000000,0x00000000,0x00000000,0x00000000,0x00000000,0x00000000,0x00000000,0x00000000,0x00000000,
    0x00000000,0x00000000,0x00000000,0x00000000,0x00000000,0x00000000,0x00000000,0x00000000,0x00000000,0x00000000,0x00000000,0x00000000,0x00000000,0x00000000,0x00000000,0x00000000,
    0x00000000,0x00000000,0x00000000,0x00000000,0x00000000,0x00000000,0x00000000,0x00000000,0x00000000,0x00000000,0x00000000,0x00000000,0x00000000,0x00000000,0x00000000,0x00000000,
    0x00000000,0x00000000,0x00000000,0x74800000,0x77400047,0x74000084,0x78008871,0x00004377,0x80284778,0x00404774,0x00844480,0x00844480,0x83223800,0x112E5223,0x1EF2009F,0x1131E511,
    0x12002211,0x23221111,0x00322DD1,0x0F32B340,0x000FF800,0x00424600,0x08778400,0x77820000,0x77830008,0x47000084,0x0F008778,0x00084478,0x08444800,0x00844480,0x00000000,0x00000000,
    0x00000000,0x00000000,0x00000000,0x00000000,0x00000000,0x00000000,0x00000000,0x00000000,0x00000000,0x00000000,0x00000000,0x00000000,0x00000000,0x00000000,0x00000000,0x00000000,
    0x00000000,0x00000000,0x00000000,0x00000000,0x00000000,0x00000000,0x00000000,0x00000000,0x00000000,0x00000000,0x00000000,0x00000000,0x00000000,0x00000000,0x00000000,0x00000000,
    0x00000000,0x00000000,0x00000000,0x00000000,0x00000000,0x00000000,0x00000044,0xF004CE4F,0x008DCCC5,0xF95F6F00,0xFFF5F5F0,0x84480000,0xF800000F,0x00000040,0x00001400,0x00001400,
    0x00234000,0x0033F000,0x333F0000,0xF3212223,0xF388F400,0x888AB1FF,0xBAB10024,0xAAA2282B,0x43006BEB,0xF39E9999,0x00999999,0xB9BBBBFF,0xB2BBB400,0x00880000,0x00000F00,0x000F0000,
    0x000F0000,0xF9000000,0xF9000000,0x00000000,0x000000FB,0x0000004F,0x00000000,0x00000000,0x00000000,0x00000000,0x00000000,0x00000000,0x00000000,0x00000000,0x00000000,0x00000000,
    0x00000000,0x00000000,0x00000000,0x00000000,0x00000000,0x00000000,0x00000000,0x00000000,0x00000000,0x00000000,0x00000000,0x00000000,0x00000000,0x00000000,0x00000000,0x00000000,
    0x00000000,0x00000000,0x00000000,0x00000000,0x00000000,0x00000000,0x00000000,0x00000000,0x00000000,0x00000000,0xF5F5F000,0xFFFF009F,0x00000095,0x0000FFF0,0x00000000,0x00000000,
    0x00000000,0x00000000,0x00000000,0x11111F00,0x32114404,0x44000004,0x00006004,0x0000A600,0x00B80000,0x00B80000,0xA8000000,0x56000000,0xAAAF0000,0x4AAF86B2,0xBBAA0043,0xABB6BBAA,
    0x4600B344,0x95B9AAA4,0x00B9AAAE,0xDECCCCE5,0xDECCCCCC,0x00043F00,0x04433F00,0x334B0000,0x23F40042,0x5900F422,0x9B5F2344,0x005FF40F,0xF00005DD,0x0000FDDD,0x00000000,0x00000000,
    0x00000000,0x005F0000,0xEF000000,0xE9000FF5,0x0000F659,0x00F5F565,0x000F0FF0,0x00000000,0x00000000,0x00000000,0x00000000,0x00000000,0x00000000,0x00000000,0x00000000,0x00000000,
    0x00000000,0x00000000,0x00000000,0x00000000,0x00000000,0x00000000,0x00000000,0x00000000,0x00000000,0x00000000,0x00000000,0x00000000,0x00000000,0x00000000,0x00000000,0x00000000,
    0x00000000,0x00000000,0x00000000,0x00000000,0x00000000,0x00000000,0x00000000,0x00000000,0x00000000,0x00000000,0x00000000,0x00000000,0x000000F0,0x00000060,0x00006000,0x00003000,
    0x00200000,0x00130000,0x14000000,0x14000000,0x46659500,0x0F6595FF,0x6595005F,0x6531560F,0x1100500F,0x11600031,0x00300041,0x30004211,0x30004211,0x00FF5F00,0x00F55500,0xF5550000,
    0xF5550000,0x55000000,0x11000041,0x00000311,0x00041111,0x00041111,0x00000000,0x00000000,0x00000000,0x00000000,0x00000000,0x00000000,0x00000000,0x00000000,0x00000000,0x00000000,
    0x00000000,0x00000000,0x00000000,0x00000000,0x00000000,0x00000000,0x00000000,0x00000000,0x00000000,0x00000000,0x00000000,0x00000000,0x00000000,0x00000000,0x00000000,0x00000000,
    0x00000000,0x00000000,0x00000000,0x00000000,0x00000000,0x00000000,0x00000000,0x00000000,0x00000000,0x00000000,0x00000000,0x00000000,0x00000000,0x00000000,0x00000000,0x00000000,
    0x00000000,0x00000000,0x00000000,0x00000000,0x00000014,0x00000024,0x00002240,0x00003240,0x00321F00,0x00355F00,0x65560000,0x655F0000,0x00031100,0x00042100,0x04330000,0x00430000,
    0xF3000000,0x53000000,0x00000000,0x00000006,0x0000000F,0x04111200,0x02211400,0x32230000,0x334F0004,0xF0000044,0xF0006444,0x0000F644,0x00F66F00,0x00F66F00,0x00000000,0x00000000,
    0x00000000,0x00000000,0x00000000,0x00000000,0x00000000,0x00000000,0x00000000,0x00000000,0x00000000,0x00000000,0x00000000,0x00000000,0x00000000,0x00000000,0x00000000,0x00000000,
    0x00000000,0x00000000,0x00000000,0x00000000,0x00000000,0x00000000,0x00000000,0x00000000,0x00000000,0x00000000,0x00000000,0x00000000,0x00000000,0x00000000,0x00000000,0x00000000,
    0x00000000,0x00000000,0x00000000,0x00000000,0x00000000,0x00000000,0x00000000,0x00000000,0x00000000,0x00000000,0x00000000,0x6F000000,0x6F000065,0xF00000F5,0xF000BDDC,0x0000966F,
    0x006DCCD6,0x00499E4F,0xFFFFF000,0x00000000,0x00000000,0x00000000,0x00000000,0x000F0000,0x0F000000,0x0F000000,0x00000000,0x00000000,0x00000000,0xF66F0000,0x455F0000,0x44F00000,
    0xBB4F00F6,0xDF000F4B,0xF00F44DD,0x00004FFF,0x00000000,0x00000000,0x00000000,0x00000000,0x00000000,0x00000000,0x00000000,0x00000000,0x00000000,0x00000000,0x00000000,0x00000000,
    0x00000000,0x00000000,0x00000000,0x00000000,0x00000000,0x00000000,0x00000000,0x00000000,0x00000000,0x00000000,0x00000000,0x00000000,0x00000000,0x00000000,0x00000000,0x00000000,
    0x00000000,
};
const u8 ALIGNED(4) gLegendsMaySportBack[] = {
    0x00,0x00,0x00,0x00,0x00,0x00,0x00,0x00,0x00,0x00,0x00,0x00,0x00,0x00,0x00,0x00,
    0x00,0x00,0x00,0x00,0x00,0x00,0x00,0x00,0x00,0x00,0x00,0x00,0x00,0x00,0x00,0x00,
    0x00,0x00,0x00,0x00,0x00,0x00,0x00,0x00,0x00,0x00,0x00,0x00,0x00,0x00,0x00,0x00,
    0x00,0x00,0x00,0x00,0x00,0x00,0x00,0x00,0x00,0x00,0x00,0x00,0x00,0x00,0x00,0x00,
    0x00,0x00,0x00,0x00,0x00,0x00,0x00,0x00,0x00,0x00,0x00,0x00,0x00,0x00,0x00,0x00,
    0x00,0x00,0x00,0x00,0x00,0x00,0x00,0x00,0x00,0x00,0x00,0x00,0x00,0x00,0x00,0x00,
    0x00,0x00,0x00,0x00,0x00,0x00,0x00,0x00,0x00,0x00,0x00,0x00,0x00,0x00,0x00,0x00,
    0x00,0x00,0x00,0x00,0x00,0x00,0x00,0x00,0x00,0x00,0x00,0x00,0x00,0x00,0x00,0x00,
    0x00,0x00,0x00,0x00,0x00,0x00,0x00,0x00,0x00,0x00,0x00,0x00,0x00,0x00,0x00,0x00,
    0x00,0x00,0x00,0x00,0x00,0x00,0x00,0x00,0x00,0x00,0x00,0x00,0x00,0x00,0x00,0x00,
    0x00,0x00,0x00,0x00,0x00,0x00,0x00,0x00,0x00,0x00,0x00,0x00,0x00,0x00,0x00,0x00,
    0x00,0x00,0x00,0x00,0x00,0x00,0x00,0x00,0x00,0x00,0x00,0x00,0x00,0x00,0x00,0x00,
    0x00,0x00,0x00,0x00,0x00,0x00,0x00,0x00,0x00,0x00,0x00,0x00,0x00,0x00,0x00,0x00,
    0x00,0x00,0x00,0x00,0x00,0x00,0x00,0x00,0x00,0x00,0x00,0x00,0x00,0x00,0x00,0x00,
    0x00,0x00,0x00,0x00,0x00,0x00,0x00,0x00,0x00,0x00,0x00,0x00,0x00,0x00,0x00,0x00,
    0x00,0x00,0x00,0x00,0x00,0x00,0x00,0x00,0x00,0x00,0x00,0x00,0x00,0x00,0x00,0x00,
    0x00,0x00,0x00,0x00,0x00,0x00,0x00,0x00,0x00,0x00,0x00,0x00,0x00,0x00,0x00,0x00,
    0x00,0x00,0x00,0x00,0x00,0x00,0x00,0x00,0x00,0x00,0x00,0x00,0x00,0x00,0x00,0x00,
    0x00,0x00,0x00,0x00,0x00,0x00,0x00,0x00,0x00,0x00,0x00,0x00,0x00,0x00,0x00,0x00,
    0x00,0x00,0x00,0x00,0x00,0x00,0x00,0x00,0x00,0x00,0x00,0x00,0x00,0x00,0x00,0x00,
    0x00,0x00,0x00,0x00,0x00,0x00,0x00,0x00,0x00,0x00,0x00,0x00,0x00,0x00,0x00,0x00,
    0x00,0x00,0x00,0x00,0x00,0x00,0x00,0x00,0x00,0x00,0x00,0x00,0x00,0x00,0x00,0x00,
    0x00,0x00,0x00,0x00,0x00,0x00,0x00,0x00,0x00,0x00,0x00,0x00,0x00,0x00,0x00,0x00,
    0x00,0x00,0x00,0x00,0x00,0x00,0x00,0x00,0x00,0x00,0x00,0x00,0x00,0x00,0x00,0x00,
    0x00,0x00,0x00,0x00,0x00,0x00,0x00,0x00,0x00,0x00,0x00,0x00,0x00,0x00,0x00,0x00,
    0x00,0x00,0x00,0x00,0x00,0x00,0x00,0x00,0x00,0x00,0x00,0x00,0x00,0x00,0x00,0x00,
    0x00,0x00,0x00,0x00,0x00,0x00,0x00,0x00,0x00,0x00,0x00,0x00,0x00,0x00,0x00,0x00,
    0x00,0x00,0x00,0x00,0x00,0x00,0x00,0x00,0x00,0x00,0x00,0x00,0x00,0x00,0x00,0x00,
    0x00,0x00,0x00,0x00,0x00,0x00,0x00,0x00,0x00,0x00,0x00,0x00,0x00,0x00,0x00,0x00,
    0x00,0x00,0x00,0x00,0x00,0x00,0x00,0x00,0x00,0x00,0x00,0x00,0x00,0x00,0x00,0x00,
    0x00,0x00,0x00,0x00,0x00,0x00,0x00,0x00,0x00,0x00,0x00,0x00,0x00,0x00,0x00,0x00,
    0x00,0x00,0x00,0x00,0x00,0x00,0x00,0x00,0x00,0x00,0x00,0x00,0x00,0x00,0x00,0x00,
    0x00,0x00,0x00,0x00,0x00,0x00,0x00,0x00,0x00,0x00,0x00,0x00,0x00,0x00,0x00,0x00,
    0x00,0x00,0x00,0x00,0x00,0x00,0x00,0x00,0x00,0x00,0x00,0x00,0x00,0x00,0x00,0x00,
    0x00,0x00,0x00,0x00,0x00,0x00,0x00,0x00,0x00,0x00,0x00,0x00,0x00,0x00,0x00,0x00,
    0x00,0x00,0x00,0x00,0x55,0x65,0x00,0x00,0xA5,0xBB,0x66,0x00,0xB6,0xBB,0xBB,0x06,
    0x00,0x00,0x00,0x00,0x00,0x00,0x00,0x00,0x00,0x00,0x00,0x00,0x00,0x00,0x00,0x00,
    0x00,0x00,0x00,0x56,0x00,0x00,0x60,0xAA,0x00,0x00,0xA6,0x5A,0x00,0x60,0xAA,0xA5,
    0x00,0x00,0x00,0x00,0x00,0x00,0x66,0x66,0x00,0x56,0xAA,0xAA,0x56,0xAA,0xAA,0xAA,
    0x6A,0xAA,0xAA,0xAA,0xA5,0xA5,0xBB,0xBB,0xAA,0xB6,0xBB,0xBB,0xAA,0xB6,0xBB,0xBB,
    0x00,0x00,0x00,0x00,0x08,0x00,0x00,0x00,0xB9,0x65,0x00,0x00,0x9A,0xEE,0x65,0x00,
    0xAA,0xE9,0xEE,0x06,0xAB,0xE9,0xEE,0x69,0xBB,0x9B,0xEE,0x48,0xBB,0x9B,0x99,0x48,
    0x00,0x00,0x00,0x00,0x00,0x00,0x00,0x00,0x00,0x00,0x00,0x00,0x00,0x00,0x00,0x00,
    0x00,0x00,0x00,0x00,0x00,0x00,0x00,0x00,0x48,0x00,0x00,0x00,0x74,0x08,0x00,0x00,
    0x00,0x00,0x00,0x00,0x00,0x00,0x00,0x00,0x00,0x00,0x00,0x00,0x00,0x00,0x00,0x00,
    0x00,0x00,0x00,0x00,0x00,0x00,0x00,0x00,0x00,0x00,0x00,0x00,0x00,0x00,0x00,0x00,
    0x00,0x00,0x00,0x00,0x00,0x00,0x00,0x00,0x00,0x00,0x00,0x00,0x00,0x00,0x00,0x00,
    0x00,0x00,0x00,0x00,0x00,0x00,0x00,0x00,0x00,0x00,0x00,0x00,0x00,0x00,0x00,0x00,
    0x00,0x00,0x00,0x00,0x00,0x00,0x00,0x00,0x00,0x00,0x00,0x00,0x00,0x00,0x00,0x00,
    0x00,0x00,0x00,0x00,0x00,0x00,0x00,0x00,0x00,0x00,0x00,0x00,0x00,0x00,0x00,0x00,
    0xB6,0xBB,0xBB,0x6B,0xB6,0xBB,0xBB,0xBB,0x60,0xBB,0xBB,0xBB,0x60,0xBB,0xBB,0xBB,
    0x00,0xB6,0xBB,0xBB,0x00,0xB6,0xBB,0xBB,0x00,0x60,0xBB,0xBB,0x00,0x00,0x66,0xBB,
    0x00,0x60,0xBB,0xA5,0x06,0xB6,0x6B,0xAA,0x66,0xB6,0x5B,0xAA,0x6B,0xBB,0xB6,0xAA,
    0x6B,0xBB,0xB6,0xBB,0x65,0x66,0xB5,0xBB,0xB5,0xA6,0xBB,0xBB,0x6B,0xAA,0xB5,0x6B,
    0xBA,0xB6,0xBB,0xBB,0xBA,0xB6,0xBB,0xBB,0x5B,0xBB,0xBB,0xBB,0x6B,0xBB,0xBB,0xBB,
    0x6B,0xBB,0xBB,0xBB,0xB5,0xBB,0xBB,0x9B,0xB6,0xBB,0xBB,0x8B,0xBB,0xBB,0xBB,0x8F,
    0xBB,0x99,0x89,0x77,0xBB,0x99,0x79,0x77,0x9B,0x99,0x78,0x77,0x9B,0x89,0x48,0x77,
    0x99,0x48,0x88,0x44,0x48,0x44,0x78,0x48,0x48,0x84,0x22,0x82,0x8F,0x24,0x22,0x43,
    0x78,0x87,0x00,0x00,0x87,0x87,0x00,0x00,0x77,0x88,0x00,0x00,0x77,0x77,0x08,0x00,
    0x77,0x77,0x87,0x00,0x74,0x77,0x77,0x08,0x44,0x77,0x77,0x87,0x48,0x74,0x77,0x77,
    0x00,0x00,0x00,0x00,0x00,0x00,0x00,0x00,0x00,0x00,0x00,0x00,0x00,0x00,0x00,0x00,
    0x00,0x00,0x00,0x00,0x00,0x00,0x00,0x00,0x00,0x00,0x00,0x00,0x08,0x00,0x00,0x00,
    0x00,0x00,0x00,0x00,0x00,0x00,0x00,0x00,0x00,0x00,0x00,0x00,0x00,0x00,0x00,0x00,
    0x00,0x00,0x00,0x00,0x00,0x00,0x00,0x00,0x00,0x00,0x00,0x00,0x00,0x00,0x00,0x00,
    0x00,0x00,0x00,0x00,0x00,0x00,0x00,0x00,0x00,0x00,0x00,0x00,0x00,0x00,0x00,0x00,
    0x00,0x00,0x00,0x00,0x00,0x00,0x00,0x00,0x00,0x00,0xFF,0x00,0x00,0xF0,0x55,0x06,
    0x00,0x00,0x00,0x66,0x00,0x00,0x00,0x00,0x00,0x00,0x00,0x00,0x00,0x00,0x00,0x00,
    0x00,0x00,0x00,0x00,0x00,0x00,0x00,0x00,0x00,0x00,0x00,0x00,0x00,0x00,0x00,0x00,
    0x66,0xBA,0x66,0xB6,0x68,0xBB,0xB6,0xBB,0x80,0xBB,0xB6,0xBB,0x00,0x88,0xB8,0xBB,
    0x00,0x8F,0x4F,0x88,0x00,0x88,0xF8,0x44,0xF0,0x88,0x88,0x8F,0xF0,0x88,0x88,0x88,
    0xBB,0xBB,0xFB,0xF4,0xBB,0xBB,0x4F,0x28,0xBB,0xF8,0x44,0x28,0x88,0x44,0x44,0x28,
    0x44,0x44,0x84,0x43,0x44,0x44,0x84,0x43,0x44,0x44,0x38,0x33,0x4F,0x44,0x38,0x33,
    0x83,0x28,0x22,0xFE,0x83,0x11,0x22,0xFE,0x43,0x11,0x11,0x8E,0x13,0x11,0x11,0x4E,
    0x13,0x11,0x11,0x11,0x32,0x11,0x11,0x11,0x34,0x12,0x11,0x11,0x23,0x12,0x11,0x21,
    0x83,0x44,0x77,0x77,0x02,0x48,0x74,0x77,0x31,0x80,0x44,0x74,0x41,0x00,0x48,0x44,
    0x11,0x04,0x48,0x44,0x31,0x00,0x80,0x44,0x41,0x00,0x80,0x44,0x04,0x00,0x00,0x48,
    0x87,0x00,0x00,0x00,0x47,0x08,0x00,0x00,0x47,0x84,0x00,0x00,0x44,0x74,0x08,0x00,
    0x44,0x44,0x08,0x00,0x44,0x44,0x84,0x00,0x44,0x44,0x84,0x00,0x44,0x44,0x44,0x00,
    0x00,0x00,0x00,0x00,0x00,0x00,0x00,0x00,0x00,0x00,0x00,0x00,0x00,0x00,0x00,0x00,
    0x00,0x00,0x00,0x00,0x00,0x00,0x00,0x00,0x00,0x00,0x00,0x00,0x00,0x00,0x00,0x00,
    0x00,0xF0,0x65,0x0F,0x00,0xFF,0x66,0x0F,0xF0,0xF6,0x66,0x0F,0xF0,0xF6,0x99,0x69,
    0xF0,0xEF,0x99,0x99,0x60,0xEE,0x99,0x99,0x60,0xEE,0x99,0x99,0x50,0xEE,0x9E,0x99,
    0x00,0x00,0x00,0x00,0x00,0x00,0x00,0x00,0x00,0xF0,0x0F,0x00,0x00,0x5F,0xF5,0x00,
    0xF6,0x66,0xF5,0x00,0x69,0x66,0x0F,0x00,0x69,0x66,0x0F,0x00,0x99,0xF6,0x00,0x00,
    0xF0,0x88,0x88,0x88,0x00,0x88,0x88,0x88,0x00,0x8F,0x88,0x88,0x00,0xF0,0x8F,0xF8,
    0x00,0x00,0xF0,0x0F,0x00,0x00,0x00,0x00,0x00,0x00,0x00,0x00,0x00,0x00,0x00,0x88,
    0xF8,0x8F,0x33,0x33,0xFF,0xF0,0x38,0x33,0xF8,0xF0,0x3F,0x33,0x0F,0x8F,0x84,0x48,
    0x00,0x58,0x55,0x66,0x00,0x68,0x66,0x66,0x80,0xB4,0xBB,0xBB,0x48,0xBB,0xBB,0xBB,
    0x33,0x22,0x11,0x11,0x33,0x23,0x12,0x42,0x33,0x43,0x44,0x04,0x44,0x08,0x00,0x00,
    0x66,0x86,0x00,0x00,0x66,0x66,0x08,0x00,0xBB,0x84,0xBB,0x88,0xBB,0xBB,0x24,0x12,
    0x03,0x00,0x00,0x4F,0x00,0x00,0x00,0x8F,0x00,0x00,0xF0,0x44,0x00,0x00,0x8F,0x44,
    0x00,0x00,0xF0,0x8F,0x00,0x00,0x00,0x80,0x08,0x00,0xF0,0xFF,0x41,0x08,0xFF,0x9B,
    0x44,0x44,0x44,0x08,0x44,0x44,0x84,0x84,0x44,0x44,0xF8,0x08,0x44,0x84,0x08,0x00,
    0x84,0x48,0x0F,0x00,0x0F,0xFF,0x00,0x00,0x0F,0x00,0x00,0x00,0xF9,0x00,0x00,0x00,
    0x00,0x00,0x00,0x00,0x00,0x00,0x00,0x00,0x00,0x00,0x00,0x00,0x00,0x00,0x00,0x00,
    0x00,0x00,0x00,0x00,0x00,0x00,0x00,0x00,0x00,0x00,0x00,0x00,0x00,0x00,0x00,0x00,
    0x00,0xE5,0x9E,0x99,0x00,0xE6,0x9E,0x99,0x00,0x60,0x99,0x99,0x00,0x00,0x9F,0x6F,
    0x00,0x00,0xF0,0x66,0x00,0x00,0xF0,0xA5,0x00,0x00,0x60,0xAB,0x00,0x00,0x00,0xBF,
    0x99,0xF9,0x00,0x00,0x99,0x0F,0x00,0x00,0xFF,0x00,0x00,0x00,0x66,0x0F,0x00,0x00,
    0xBB,0x0F,0x00,0x00,0xAA,0xFB,0x00,0x00,0x6A,0xF6,0x00,0x00,0xF6,0x4F,0x00,0x80,
    0x00,0x00,0x48,0x11,0x00,0x80,0x11,0x21,0x00,0x18,0x11,0x21,0x00,0x14,0x11,0x22,
    0x80,0x11,0x22,0x22,0x80,0x21,0x22,0x32,0x18,0x22,0x22,0x33,0x21,0x22,0x22,0xF3,
    0x42,0xBB,0xBB,0xBB,0x42,0xBB,0xBB,0xBB,0xB4,0xBB,0xBB,0xBB,0xB4,0xBB,0xBB,0xBB,
    0xB4,0xBB,0xBB,0xBB,0xB4,0xBB,0xBB,0xBB,0xB4,0xBB,0xBB,0xBB,0xBF,0xBB,0xBB,0xBB,
    0xBB,0x4B,0x22,0x12,0xBB,0x4B,0x22,0x12,0xBB,0x4B,0x22,0x22,0xBB,0x4B,0x22,0x22,
    0xBB,0xBB,0x24,0x22,0xBB,0xBB,0x34,0x22,0xBB,0xBB,0x4B,0x33,0xBB,0xBB,0x4B,0x83,
    0x11,0x81,0xBF,0x9A,0x11,0x11,0x98,0x99,0x11,0x11,0x81,0x99,0x12,0x11,0x81,0x99,
    0x22,0x12,0x21,0xA9,0x22,0x22,0x22,0xFF,0x22,0x22,0x22,0x81,0x3F,0x22,0x22,0x11,
    0x99,0x0F,0x00,0x00,0x99,0xF5,0x00,0x00,0x99,0x99,0x0F,0x00,0x99,0x99,0x0F,0x00,
    0xFF,0x95,0x0F,0x00,0xBB,0xFF,0x00,0x00,0xAB,0xBB,0x0F,0x00,0xB8,0x66,0x0F,0x00,
    0x00,0x00,0x00,0x00,0x00,0x00,0x00,0x00,0x00,0x00,0x00,0x00,0x00,0x00,0x00,0x00,
    0x00,0x00,0x00,0x00,0x00,0x00,0x00,0x00,0x00,0x00,0x00,0x00,0x00,0x00,0x00,0x00,
    0x00,0x00,0x00,0x5F,0x00,0x00,0x00,0xF0,0x00,0x00,0x00,0x00,0x00,0x00,0x00,0x00,
    0x00,0x00,0x00,0x00,0x00,0x00,0x00,0x00,0x00,0x00,0x00,0x00,0x00,0x00,0x00,0x00,
    0x4F,0x22,0x0F,0x18,0x2F,0x22,0xF3,0x18,0x24,0x22,0x82,0x21,0x2F,0x22,0x23,0x22,
    0x40,0x22,0x23,0x22,0xF0,0x22,0x22,0x22,0x00,0x2F,0x22,0x22,0x00,0xF0,0x22,0x22,
    0x21,0x22,0x32,0x0F,0x22,0x22,0xF3,0x00,0x22,0x22,0x0F,0x00,0x22,0x82,0x00,0x00,
    0x22,0x04,0x00,0x00,0x22,0x08,0x00,0x00,0xF2,0x00,0x00,0x00,0x08,0x00,0x00,0x00,
    0x80,0xBB,0xBB,0xBB,0x80,0xBB,0xBB,0xBB,0x00,0xB4,0xBB,0xBB,0x00,0xB8,0xBA,0xBB,
    0x00,0x40,0xAB,0xBB,0x00,0x80,0xBA,0xBA,0x00,0x80,0x88,0x88,0x00,0xA8,0xAA,0xAA,
    0xBB,0xBB,0xBB,0x84,0xBB,0xBB,0xBB,0x88,0xBB,0xBB,0xBB,0x8F,0xBB,0xBB,0xBB,0x0F,
    0xBB,0xBB,0x8B,0x00,0xBB,0xBB,0xFB,0x00,0x88,0x88,0x88,0x00,0xBA,0xBB,0xBB,0x08,
    0xF8,0x2F,0x22,0x12,0x00,0xF0,0x22,0x12,0x00,0x00,0x2F,0x22,0x00,0x00,0xF0,0x22,
    0x00,0x00,0x00,0x28,0x00,0x00,0x00,0x2F,0x00,0x00,0x00,0xF0,0x00,0x00,0x00,0x00,
    0x81,0xFF,0x0F,0x00,0x11,0x38,0xF3,0x00,0x11,0x81,0xF3,0x00,0x12,0x11,0x38,0x08,
    0x22,0x12,0x34,0x0F,0x22,0x22,0x33,0x0F,0x22,0x22,0x33,0x08,0x2F,0x32,0xF3,0x00,
    0x00,0x00,0x00,0x00,0x00,0x00,0x00,0x00,0x00,0x00,0x00,0x00,0x00,0x00,0x00,0x00,
    0x00,0x00,0x00,0x00,0x00,0x00,0x00,0x00,0x00,0x00,0x00,0x00,0x00,0x00,0x00,0x00,
    0x00,0x00,0x00,0x00,0x00,0x00,0x00,0x00,0x00,0x00,0x00,0x00,0x00,0x00,0x00,0x00,
    0x00,0x00,0x00,0x00,0x00,0x00,0x00,0x00,0x00,0x00,0x00,0x00,0x00,0x00,0x00,0x00,
    0x00,0x00,0x00,0x00,0x00,0x00,0x00,0x00,0x00,0x00,0x00,0x00,0x00,0x00,0x00,0x00,
    0x00,0x00,0x00,0x00,0x00,0x00,0x00,0x00,0x00,0x00,0x00,0x00,0x00,0x00,0x00,0x00,
    0x00,0x00,0x00,0x00,0x00,0x00,0x00,0x00,0x00,0x00,0x00,0x00,0x00,0x00,0x00,0x00,
    0x00,0x00,0x00,0x00,0x00,0x00,0x00,0x00,0x00,0x00,0x00,0x00,0x00,0x00,0x00,0x00,
    0x00,0x00,0x00,0x00,0x00,0x00,0x00,0x00,0x00,0x00,0x00,0x00,0x00,0x00,0x00,0x00,
    0x00,0x00,0x00,0x00,0x00,0x00,0x00,0x00,0x00,0x00,0x00,0x00,0x00,0x00,0x00,0x00,
    0x00,0x00,0x00,0x00,0x00,0x00,0x00,0x00,0x00,0x00,0x00,0x00,0x00,0x00,0x00,0x00,
    0x00,0x00,0x00,0x00,0x00,0x00,0x00,0x00,0x00,0x00,0x00,0x00,0x00,0x00,0x00,0x00,
    0x00,0x00,0x00,0x00,0x00,0x00,0x00,0x00,0x00,0x00,0x00,0x00,0x00,0x00,0x00,0x00,
    0x00,0x00,0x00,0x00,0x00,0x00,0x00,0x00,0x00,0x00,0x00,0x00,0x00,0x00,0x00,0x00,
    0x00,0x00,0x00,0x00,0x00,0x00,0x00,0x00,0x00,0x00,0x00,0x00,0x00,0x00,0x00,0x00,
    0x00,0x00,0x00,0x00,0x00,0x00,0x00,0x00,0x00,0x00,0x00,0x00,0x00,0x00,0x00,0x00,
    0x00,0x00,0x00,0x00,0x00,0x00,0x00,0x00,0x00,0x00,0x00,0x00,0x00,0x00,0x00,0x00,
    0x00,0x00,0x00,0x00,0x00,0x00,0x00,0x00,0x00,0x00,0x00,0x00,0x00,0x00,0x00,0x00,
    0x00,0x00,0x00,0x00,0x00,0x00,0x00,0x00,0x00,0x00,0x00,0x00,0x00,0x00,0x00,0x00,
    0x00,0x00,0x00,0x00,0x00,0x00,0x00,0x00,0x00,0x00,0x00,0x00,0x00,0x00,0x00,0x00,
    0x00,0x00,0x00,0x00,0x00,0x00,0x00,0x00,0x00,0x00,0x00,0x00,0x00,0x00,0x00,0x00,
    0x00,0x00,0x00,0x00,0x00,0x00,0x00,0x00,0x00,0x00,0x00,0x00,0x00,0x00,0x00,0x00,
    0x00,0x00,0x00,0x00,0x00,0x00,0x00,0x00,0x00,0x00,0x00,0x00,0x00,0x00,0x00,0x00,
    0x00,0x00,0x00,0x00,0x00,0x00,0x00,0x00,0x00,0x00,0x00,0x00,0x00,0x00,0x00,0x00,
    0x00,0x00,0x00,0x00,0x00,0x00,0x00,0x00,0x00,0x00,0x00,0x00,0x00,0x00,0x00,0x00,
    0x00,0x00,0x00,0x00,0x00,0x00,0x00,0x00,0x00,0x00,0x00,0x00,0x00,0x00,0x00,0x00,
    0x00,0x00,0x00,0x00,0x00,0x00,0x00,0x00,0x00,0x00,0x00,0x00,0x00,0x00,0x00,0x00,
    0x00,0x00,0x00,0x00,0x00,0x00,0x00,0x00,0x00,0x00,0x00,0x00,0x00,0x00,0x00,0x00,
    0x00,0x00,0x00,0x00,0x00,0x00,0x00,0x00,0x00,0x00,0x00,0x00,0x00,0x00,0x00,0x00,
    0x00,0x00,0x00,0x00,0x00,0x00,0x00,0x00,0x00,0x00,0x00,0x00,0x00,0x00,0x00,0x00,
    0x00,0x00,0x00,0x00,0x00,0x00,0x00,0x00,0x00,0x00,0x00,0x00,0x00,0x00,0x00,0x00,
    0x00,0x00,0x00,0x00,0x00,0x00,0x00,0x00,0x00,0x00,0x00,0x00,0x00,0x00,0x00,0x00,
    0x00,0x00,0x00,0x00,0x00,0x00,0x00,0x00,0x00,0x00,0x00,0x00,0x00,0x00,0x00,0x00,
    0x00,0x00,0x00,0x00,0x00,0x00,0x00,0x00,0x00,0x00,0x00,0x00,0x00,0x00,0x00,0x00,
    0x00,0x00,0x00,0x00,0x00,0x00,0x00,0x00,0x00,0x00,0x00,0x00,0x00,0x00,0x00,0x00,
    0x00,0x00,0x00,0x00,0x00,0x00,0x00,0x00,0x00,0x00,0x00,0x00,0x00,0x00,0x00,0x00,
    0x00,0x00,0x00,0x00,0x00,0x00,0x00,0x00,0x00,0x00,0x00,0x00,0x00,0x00,0x00,0x00,
    0x00,0x00,0x00,0x00,0x00,0x00,0x00,0x55,0x00,0x00,0x00,0xA5,0x00,0x00,0x00,0xB6,
    0x00,0x00,0x00,0x00,0x00,0x00,0x00,0x00,0x00,0x00,0x00,0x00,0x00,0x00,0x00,0x00,
    0x00,0x00,0x00,0x00,0x65,0x00,0x00,0x00,0xBB,0x66,0x00,0x00,0xBB,0xBB,0x06,0x00,
    0x00,0x00,0x00,0x00,0x00,0x00,0x00,0x00,0x00,0x00,0x00,0x00,0x00,0x00,0x00,0x56,
    0x00,0x00,0x56,0x6A,0x00,0x60,0xAA,0xA5,0x00,0xA6,0x5A,0xAA,0x60,0xAA,0xA5,0xAA,
    0x00,0x00,0x00,0x00,0x00,0x66,0x66,0x06,0x56,0xAA,0xAA,0xB9,0xAA,0xAA,0xAA,0xEA,
    0xAA,0xAA,0xAA,0xAA,0xA6,0xBB,0xBB,0xBB,0xB6,0xBB,0xBB,0xBB,0xB6,0xBB,0xBB,0xBB,
    0x00,0x00,0x00,0x00,0x00,0x00,0x00,0x00,0x66,0x00,0x00,0x00,0xEE,0x65,0x00,0x00,
    0xE9,0xEE,0x06,0x00,0xE9,0xEE,0x89,0x00,0x9B,0xEE,0x46,0x48,0x9B,0x99,0x48,0x74,
    0x00,0x00,0x00,0x00,0x00,0x00,0x00,0x00,0x00,0x00,0x00,0x00,0x00,0x00,0x00,0x00,
    0x00,0x00,0x00,0x00,0x00,0x00,0x00,0x00,0x00,0x00,0x00,0x00,0x08,0x00,0x00,0x00,
    0x00,0x00,0x00,0x00,0x00,0x00,0x00,0x00,0x00,0x00,0x00,0x00,0x00,0x00,0x00,0x00,
    0x00,0x00,0x00,0x00,0x00,0x00,0x00,0x00,0x00,0x00,0x00,0x00,0x00,0x00,0x00,0x00,
    0x00,0x00,0x00,0x00,0x00,0x00,0x00,0x00,0x00,0xF0,0x0F,0x00,0x00,0x6F,0xF6,0x00,
    0xF0,0x55,0xF6,0x00,0xF0,0x65,0x66,0x0F,0x00,0x6F,0x66,0xFF,0x00,0xFF,0x56,0x99,
    0x00,0x00,0x00,0xB6,0x00,0x00,0x00,0xB6,0x00,0x00,0x00,0x60,0x00,0x00,0xFF,0x60,
    0x00,0xF0,0x65,0x0F,0x00,0xF0,0x66,0x0F,0xF5,0x6F,0x66,0x00,0x99,0x6F,0xF6,0x00,
    0xBB,0xBB,0x6B,0x00,0xBB,0xBB,0xBB,0x06,0xBB,0xBB,0xBB,0x66,0xBB,0xBB,0xBB,0x6B,
    0xB6,0xBB,0xBB,0x6B,0xB6,0xBB,0xBB,0x65,0x60,0xBB,0xBB,0xB5,0x00,0x66,0xBB,0x6B,
    0x60,0xBB,0xA5,0xBA,0xB6,0x6B,0xAA,0xBA,0xB6,0x5B,0xAA,0x5B,0xBB,0xB6,0xAA,0x6B,
    0xBB,0xB6,0xBB,0x6B,0x66,0xB5,0xBB,0x65,0xA6,0xBB,0xBB,0xB6,0xAA,0xB5,0x6B,0xBB,
    0xB6,0xBB,0xBB,0xBB,0xB6,0xBB,0xBB,0xBB,0xBB,0xBB,0xBB,0x9B,0xBB,0xBB,0xBB,0x9B,
    0xBB,0xBB,0xBB,0x99,0xBB,0xBB,0x9B,0x48,0xBB,0xBB,0x8B,0x48,0xBB,0xBB,0x8F,0x8F,
    0x99,0x89,0x77,0x88,0x99,0x79,0x77,0x77,0x99,0x78,0x77,0x77,0x89,0x48,0x77,0x77,
    0x48,0x88,0x48,0x77,0x44,0x78,0x87,0x74,0x84,0x22,0x32,0x88,0x24,0x22,0x43,0x43,
    0x87,0x00,0x00,0x00,0x84,0x08,0x00,0x00,0x77,0x84,0x08,0x00,0x77,0x77,0x84,0x00,
    0x77,0x77,0x77,0x08,0x77,0x77,0x77,0x84,0x74,0x77,0x77,0x47,0x48,0x77,0x47,0x44,
    0x00,0x00,0x00,0x00,0x00,0x00,0x00,0x00,0x00,0x00,0x00,0x00,0x00,0x00,0x00,0x00,
    0x00,0x00,0x00,0x00,0x00,0x00,0x00,0x00,0x08,0x00,0x00,0x00,0x84,0x00,0x00,0x00,
    0x00,0x6F,0x9F,0x99,0x00,0xF0,0x59,0x99,0x00,0x00,0x95,0x99,0x00,0x00,0xEF,0x99,
    0x00,0x00,0xF0,0x5F,0x00,0x00,0x00,0x00,0x00,0x00,0x00,0x00,0x00,0x00,0x00,0x00,
    0x99,0x69,0xF6,0x0F,0x99,0x99,0x99,0x0F,0x99,0x99,0x99,0x0F,0x99,0x99,0xFF,0xF6,
    0xE5,0xF9,0x66,0xB5,0xF0,0x6F,0xAA,0xBA,0x00,0xAF,0xBA,0x66,0x00,0xAF,0x6B,0xFF,
    0x00,0x00,0x66,0x66,0x00,0x00,0x00,0x66,0x00,0x00,0x00,0x60,0x00,0x00,0x00,0x8F,
    0x0F,0x00,0x00,0x8F,0xF5,0x00,0xF0,0x88,0xF5,0x00,0xF0,0x88,0xFF,0x00,0xF0,0x88,
    0xBA,0x66,0xB6,0xBB,0xBB,0xB6,0xBB,0xBB,0xBB,0xB6,0xBB,0xBB,0x88,0xB8,0xBB,0x88,
    0x8F,0x4F,0x88,0x44,0x88,0xF8,0x44,0x44,0x88,0x88,0x8F,0x44,0x88,0x88,0x88,0x4F,
    0xBB,0xFB,0xF4,0x83,0xBB,0x4F,0x28,0x83,0xF8,0x44,0x28,0x43,0x44,0x44,0x28,0x13,
    0x44,0x84,0x43,0x13,0x44,0x84,0x43,0x32,0x44,0x38,0x33,0x34,0x44,0x38,0x33,0x23,
    0x28,0x22,0xFE,0x83,0x11,0x22,0xFE,0x02,0x11,0x11,0x8E,0x31,0x11,0x11,0x4E,0x41,
    0x11,0x11,0x11,0x11,0x11,0x11,0x11,0x31,0x12,0x11,0x11,0x41,0x12,0x11,0x21,0x04,
    0x8F,0x44,0x44,0x44,0xF0,0x44,0x44,0x44,0x00,0x4F,0x44,0x44,0x00,0xF0,0x44,0x44,
    0x04,0x00,0x4F,0x44,0x00,0x00,0x8F,0x44,0x00,0x00,0xF0,0x44,0x00,0x00,0xF0,0x48,
    0x84,0x00,0x00,0x00,0x44,0x08,0x00,0x00,0x44,0x84,0x00,0x00,0x44,0x84,0x00,0x00,
    0x44,0x44,0x04,0x00,0x44,0x44,0x84,0x00,0x44,0x44,0x48,0x08,0x44,0x84,0x8F,0x00,
    0x00,0x00,0x00,0x00,0x00,0x00,0x00,0x00,0x00,0x00,0x00,0x00,0x00,0x00,0x00,0x00,
    0x00,0x00,0x00,0x00,0x00,0x00,0x00,0x00,0x00,0x00,0x00,0x00,0x00,0x00,0x00,0x00,
    0x00,0xF0,0xF6,0x22,0x00,0xF0,0x2F,0x22,0x00,0x00,0x28,0x22,0x00,0x00,0x40,0x22,
    0x00,0x00,0xF0,0x22,0x00,0x00,0xF0,0x22,0x00,0x00,0x00,0x34,0x00,0x00,0x00,0x3F,
    0x41,0x00,0x00,0x8F,0x12,0x0F,0x00,0xF0,0x22,0x04,0x00,0x00,0x22,0x82,0x00,0x00,
    0x32,0x43,0x8F,0x48,0x23,0x11,0x11,0x11,0x22,0x12,0x11,0x11,0x22,0x22,0x22,0x22,
    0x88,0x88,0xFF,0xF0,0x8F,0xF8,0x00,0x00,0xFF,0x08,0x00,0x00,0x00,0x00,0x00,0x00,
    0x00,0x80,0x88,0xFF,0x84,0x14,0x11,0x94,0x11,0x11,0x42,0xBB,0x22,0x22,0x42,0xBB,
    0x8F,0x33,0x33,0x33,0xF0,0x38,0x33,0x33,0xF0,0x3F,0x33,0x33,0x68,0x86,0x48,0x43,
    0x6F,0x66,0x55,0x88,0x99,0x89,0x66,0x55,0xBB,0xBB,0x8B,0x66,0xBB,0xBB,0x24,0xB8,
    0x22,0x11,0x11,0x03,0x23,0x12,0x42,0x00,0x43,0x44,0x04,0x00,0x08,0x00,0x00,0x00,
    0x00,0x00,0x00,0x00,0x08,0x00,0x00,0x00,0x85,0x00,0x00,0x00,0x88,0x00,0x00,0x00,
    0x00,0x00,0x4F,0x44,0x00,0xF0,0x48,0x44,0x00,0x00,0xFF,0xF8,0x00,0x00,0x00,0x08,
    0x00,0x00,0x00,0x00,0x00,0x00,0x00,0x00,0x00,0x00,0x00,0x00,0x00,0x00,0x00,0x00,
    0x44,0x88,0x00,0x00,0x88,0xF4,0x00,0x00,0xF0,0x0F,0x00,0x00,0x00,0x00,0x00,0x00,
    0x00,0x00,0x00,0x00,0x00,0x00,0x00,0x00,0x00,0x00,0x00,0x00,0x00,0x00,0x00,0x00,
    0x00,0x00,0x00,0x00,0x00,0x00,0x00,0x00,0x00,0x00,0x00,0x00,0x00,0x00,0x00,0x00,
    0x00,0x00,0x00,0x00,0x00,0x00,0x00,0x00,0x00,0x00,0x00,0x00,0x00,0x00,0x00,0x00,
    0x00,0x00,0x00,0xF0,0x00,0x00,0x00,0x00,0x00,0x00,0x00,0x00,0x00,0x00,0x00,0x00,
    0x00,0x00,0x00,0x00,0x00,0x00,0x00,0x00,0x00,0x00,0x00,0x00,0x00,0x00,0x00,0x00,
    0x22,0x22,0x22,0x22,0xFF,0x38,0x33,0x33,0x00,0x80,0xF8,0x3F,0x00,0x00,0x00,0x80,
    0x00,0x00,0x00,0x00,0x00,0x00,0x00,0x00,0x00,0x00,0x00,0x00,0x00,0x00,0x00,0x00,
    0x22,0x22,0xB4,0xBB,0x22,0x22,0xB4,0xBB,0x33,0x43,0xBB,0xBB,0xFF,0x83,0xBB,0xBB,
    0x00,0x8F,0xBB,0xBB,0x00,0xF0,0xBB,0xBB,0x00,0xF0,0xBB,0xBB,0x00,0xF0,0xBB,0xBB,
    0xBB,0x4B,0x22,0x22,0xBB,0x4B,0x22,0x12,0xBB,0x24,0x22,0x12,0xBB,0x24,0x22,0x12,
    0xBB,0x24,0x22,0x12,0xBB,0x4B,0x22,0x22,0xBB,0x8B,0x22,0x22,0xBB,0xFB,0x22,0x12,
    0x81,0x00,0x00,0x00,0x11,0x04,0x00,0x00,0x11,0x08,0x00,0x00,0x11,0x41,0x00,0x00,
    0x11,0x41,0x00,0x00,0x11,0x41,0x00,0x00,0x11,0x0F,0x00,0x00,0x22,0x04,0x00,0x00,
    0x00,0x00,0x00,0x00,0x00,0x00,0x00,0x00,0x00,0x00,0x00,0x00,0x00,0x00,0x00,0x00,
    0x00,0x00,0x00,0x00,0x00,0x00,0x00,0x00,0x00,0x00,0x00,0x00,0x00,0x00,0xFF,0x00,
    0x00,0x00,0x00,0x00,0x00,0x00,0x00,0x00,0x00,0x00,0x00,0x00,0x00,0x00,0x00,0x00,
    0x00,0x00,0x00,0x00,0x00,0x00,0x00,0x00,0x00,0x00,0x00,0x00,0x00,0x00,0x00,0x00,
    0x00,0x00,0x00,0x00,0x00,0x00,0x00,0x00,0x00,0x00,0x00,0x00,0x00,0x00,0x00,0x00,
    0x00,0x00,0x00,0x00,0x00,0x00,0x00,0x00,0x00,0x00,0x00,0x00,0x00,0x00,0x00,0x00,
    0x00,0x00,0x00,0x00,0x00,0x00,0x00,0x00,0x00,0x00,0x00,0x00,0x00,0x00,0x00,0x00,
    0x00,0x00,0x00,0x00,0x00,0x00,0x00,0x00,0x00,0x00,0x00,0x00,0x00,0x00,0x00,0x00,
    0x00,0x00,0x00,0x00,0x00,0x00,0x00,0x00,0x00,0x00,0x00,0x00,0x00,0x00,0x00,0x00,
    0x00,0x00,0x00,0xB0,0x00,0x00,0xB0,0xAA,0x00,0x00,0xB5,0xAA,0x00,0x50,0xAA,0xBB,
    0x00,0x80,0xBB,0xBB,0x00,0x80,0xBB,0xBB,0x00,0xA8,0xBB,0xBB,0x00,0xAF,0xBA,0xBB,
    0xBB,0xAA,0xBB,0xBB,0xBA,0xBB,0xBA,0xBB,0xAA,0xBA,0xBB,0xBB,0xAA,0xBB,0xBB,0xFB,
    0xBB,0xFB,0x11,0x11,0xBB,0x2F,0x11,0x11,0xBB,0x18,0x11,0x11,0xFB,0x12,0x11,0xF1,
    0x8B,0x32,0x33,0x84,0x3F,0x13,0x11,0x41,0x24,0x22,0x11,0x11,0x22,0x22,0x22,0x22,
    0x82,0x00,0x00,0x00,0x88,0x00,0x00,0x00,0x0F,0x00,0x00,0x00,0x08,0x00,0x00,0xF0,
    0x08,0x00,0x00,0xF0,0x44,0x00,0x00,0xAB,0x21,0x44,0xFF,0xAF,0x22,0xF2,0xFB,0xBA,
    0xB0,0x6F,0x55,0x0F,0xAF,0xF5,0x56,0x0F,0xAF,0xF5,0xFF,0x00,0xBB,0x6F,0x0F,0xF0,
    0xBF,0x66,0x0F,0x5F,0xFA,0x96,0xFF,0x55,0xAA,0x9F,0x69,0x65,0xAB,0x9F,0x59,0xF6,
    0x00,0x00,0x00,0x00,0x00,0x00,0x00,0x00,0x00,0x00,0x00,0x00,0x0F,0x00,0x00,0x00,
    0xF5,0x00,0x00,0x00,0xF5,0x00,0x00,0x00,0x0F,0x00,0x00,0x00,0x00,0x00,0x00,0x00,
    0x00,0x00,0x00,0x00,0x00,0x00,0x00,0x00,0x00,0x00,0x00,0x00,0x00,0x00,0x00,0x00,
    0x00,0x00,0x00,0x00,0x00,0x00,0x00,0x00,0x00,0x00,0x00,0x00,0x00,0x00,0x00,0x00,
    0x00,0x00,0x00,0x00,0x00,0x00,0x00,0x00,0x00,0x00,0x00,0x00,0x00,0x00,0x00,0x00,
    0x00,0x00,0x00,0x00,0x00,0x00,0x00,0x00,0x00,0x00,0x00,0x00,0x00,0x00,0x00,0x00,
    0x00,0x00,0x00,0x00,0x00,0x00,0x00,0x00,0x00,0x00,0x00,0x00,0x00,0x00,0x00,0x00,
    0x00,0x00,0x00,0x00,0x00,0x00,0x00,0x00,0x00,0x00,0x00,0x00,0x00,0x00,0x00,0x00,
    0x00,0x00,0x00,0x00,0x00,0x00,0x00,0x00,0x00,0x00,0x00,0x00,0x00,0x00,0x00,0x00,
    0x00,0x00,0x00,0x00,0x00,0x00,0x00,0x00,0x00,0x00,0x00,0x00,0x00,0x00,0x00,0x00,
    0x00,0x00,0x00,0x00,0x00,0x00,0x00,0x00,0x00,0x00,0x00,0x00,0x00,0x00,0x00,0x00,
    0x00,0x00,0x00,0x00,0x00,0x00,0x00,0x00,0x00,0x00,0x00,0x00,0x00,0x00,0x00,0x00,
    0x00,0x00,0x00,0x00,0x00,0x00,0x00,0x00,0x00,0x00,0x00,0x00,0x00,0x00,0x00,0x00,
    0x00,0x00,0x00,0x00,0x00,0x00,0x00,0x00,0x00,0x00,0x00,0x00,0x00,0x00,0x00,0x00,
    0x00,0x00,0x00,0x00,0x00,0x00,0x00,0x00,0x00,0x00,0x00,0x00,0x00,0x00,0x00,0x00,
    0x00,0x00,0x00,0x00,0x00,0x00,0x00,0x00,0x00,0x00,0x00,0x00,0x00,0x00,0x00,0x00,
    0x00,0x00,0x00,0x00,0x00,0x00,0x00,0x00,0x00,0x00,0x00,0x00,0x00,0x00,0x00,0x00,
    0x00,0x00,0x00,0x00,0x00,0x00,0x00,0x00,0x00,0x00,0x00,0x00,0x00,0x00,0x00,0x00,
    0x00,0x00,0x00,0x00,0x00,0x00,0x00,0x00,0x00,0x00,0x00,0x00,0x00,0x00,0x00,0x00,
    0x00,0x00,0x00,0x00,0x00,0x00,0x00,0x00,0x00,0x00,0x00,0x00,0x00,0x00,0x00,0x00,
    0x00,0x00,0x00,0x00,0x00,0x00,0x00,0x00,0x00,0x00,0x00,0x00,0x00,0x00,0x00,0x00,
    0x00,0x00,0x00,0x00,0x00,0x00,0x00,0x00,0x00,0x00,0x00,0x00,0x00,0x00,0x00,0x00,
    0x00,0x00,0x00,0x00,0x00,0x00,0x00,0x00,0x00,0x00,0x00,0x00,0x00,0x00,0x00,0x00,
    0x00,0x00,0x00,0x00,0x00,0x00,0x00,0x00,0x00,0x00,0x00,0x00,0x00,0x00,0x00,0x00,
    0x00,0x00,0x00,0x00,0x00,0x00,0x00,0x00,0x00,0x00,0x00,0x00,0x00,0x00,0x00,0x00,
    0x00,0x00,0x00,0x00,0x00,0x00,0x00,0x00,0x00,0x00,0x00,0x00,0x00,0x00,0x00,0x00,
    0x00,0x00,0x00,0x00,0x00,0x00,0x00,0x00,0x00,0x00,0x00,0x00,0x00,0x00,0x00,0x00,
    0x00,0x00,0x00,0x00,0x00,0x00,0x00,0x00,0x00,0x00,0x00,0x00,0x00,0x00,0x00,0x00,
    0x00,0x00,0x00,0x00,0x00,0x00,0x00,0x00,0x00,0x00,0x00,0x00,0x00,0x00,0x00,0x00,
    0x00,0x00,0x00,0x00,0x00,0x00,0x00,0x00,0x00,0x00,0x00,0x00,0x00,0x00,0x00,0x00,
    0x00,0x00,0x00,0x00,0x00,0x00,0x00,0x00,0x00,0x00,0x00,0x00,0x00,0x00,0x00,0x00,
    0x00,0x00,0x00,0x00,0x00,0x00,0x00,0x00,0x00,0x00,0x00,0x00,0x00,0x00,0x00,0x00,
    0x00,0x00,0x00,0x00,0x00,0x00,0x00,0x00,0x00,0x00,0x00,0x00,0x00,0x00,0x00,0x00,
    0x00,0x00,0x00,0x00,0x00,0x00,0x00,0x00,0x00,0x00,0x00,0x00,0x00,0x00,0x00,0x00,
    0x00,0x00,0x00,0x00,0x00,0x00,0x00,0x00,0x00,0x00,0x00,0x00,0x00,0x00,0x00,0x00,
    0x00,0x00,0x00,0x00,0x00,0x00,0x00,0x00,0x00,0x00,0x00,0x00,0x55,0x65,0x00,0x00,
    0x00,0x00,0x00,0x00,0x00,0x00,0x00,0x00,0x00,0x00,0x00,0x00,0x00,0x00,0x00,0x00,
    0x00,0x00,0x00,0x00,0x00,0x00,0x00,0x00,0x00,0x00,0x00,0x56,0x00,0x00,0x60,0xAA,
    0x00,0x00,0x00,0x00,0x00,0x00,0x00,0x00,0x00,0x00,0x00,0x00,0x00,0x00,0x66,0x66,
    0x00,0x56,0xAA,0xAA,0x56,0xAA,0xAA,0xAA,0x6A,0xAA,0xAA,0xAA,0xA5,0xA6,0xBB,0xBB,
    0x00,0x00,0x00,0x00,0x00,0x00,0x00,0x00,0x00,0x00,0x00,0x00,0x06,0x00,0x00,0x00,
    0xB9,0x66,0x00,0x00,0xEA,0xEE,0x65,0x00,0xAA,0xE9,0xEE,0x06,0xAB,0xE9,0xEE,0x69,
    0x00,0x00,0x00,0x00,0x00,0x00,0x00,0x00,0x00,0x00,0x00,0x00,0x00,0x00,0x00,0x00,
    0x00,0x00,0x00,0x00,0x00,0x00,0x00,0x00,0x00,0x00,0x00,0x00,0x00,0x00,0x00,0x00,
    0x00,0x00,0x00,0x00,0x00,0x00,0x00,0x00,0x00,0x00,0x00,0x00,0x00,0x00,0x00,0x00,
    0x00,0x00,0x00,0x00,0x00,0x00,0x00,0x00,0x00,0x00,0x00,0x00,0x00,0x00,0x00,0x00,
    0x00,0x00,0x00,0x00,0x00,0x00,0x00,0x00,0x00,0x00,0x00,0x00,0x00,0x00,0x00,0x00,
    0x00,0x00,0x00,0x00,0x00,0x00,0x00,0x00,0x00,0x00,0x00,0x00,0x00,0x00,0x00,0x00,
    0x00,0x00,0x00,0x00,0x00,0x00,0x00,0x00,0x00,0x00,0x00,0x00,0x00,0x00,0x00,0x00,
    0x00,0x00,0x00,0x00,0x00,0x00,0x00,0x00,0x00,0x00,0x00,0x00,0x00,0x00,0x00,0x00,
    0xA5,0xBB,0x66,0x00,0xB8,0xBB,0xBB,0x06,0xB8,0xBB,0xBB,0x6B,0xB8,0xBB,0xBB,0xBB,
    0x80,0xBB,0xBB,0xBB,0x80,0xBB,0xBB,0xBB,0x00,0xB8,0xBB,0xBB,0x00,0xB8,0xBB,0xBB,
    0x00,0x00,0xA6,0x5A,0x00,0x60,0xAA,0xA5,0x00,0x66,0xBB,0xA5,0x06,0xB6,0x6B,0xAA,
    0x66,0xB6,0x5B,0xAA,0x6B,0xBB,0xB6,0xAA,0x6B,0xBB,0xB6,0xBB,0x65,0x66,0xB5,0xBB,
    0xAA,0xB6,0xBB,0xBB,0xAA,0xB6,0xBB,0xBB,0xBA,0xB6,0xBB,0xBB,0xBA,0xB6,0xBB,0xBB,
    0x5B,0xBB,0xBB,0xBB,0x6B,0xBB,0xBB,0xBB,0x6B,0xBB,0xBB,0xBB,0x65,0xBB,0xBB,0x9B,
    0xBB,0x9B,0xEE,0x46,0xBB,0x9B,0x99,0x46,0xBB,0x99,0x69,0x77,0xBB,0x99,0x79,0x77,
    0x9B,0x99,0x78,0x77,0x9B,0x69,0x48,0x77,0x99,0x46,0x88,0x44,0x48,0x44,0x78,0x48,
    0x48,0x00,0x00,0x00,0x74,0x08,0x00,0x00,0x78,0x87,0x00,0x00,0x87,0x87,0x00,0x00,
    0x77,0x88,0x00,0x00,0x77,0x77,0x08,0x00,0x77,0x77,0x87,0x00,0x74,0x77,0x77,0x08,
    0x00,0x00,0x00,0x00,0x00,0x00,0x00,0x00,0x00,0x00,0x00,0x00,0x00,0x00,0x00,0x00,
    0x00,0xF0,0xFF,0x60,0xF0,0xAF,0x5A,0xF5,0x5F,0x56,0xAA,0x65,0x24,0x62,0xB5,0x5B,
    0x00,0x00,0x00,0x00,0x00,0x00,0x00,0x00,0x00,0x60,0x66,0x66,0x60,0xE6,0xEE,0x65,
    0xE6,0xEE,0xEE,0x9E,0xE9,0xEE,0xEE,0x99,0x99,0xEE,0xEE,0xEE,0x9F,0x99,0xEE,0x9E,
    0x00,0x00,0x00,0x00,0x00,0x00,0x00,0x00,0x00,0x00,0x00,0x00,0x66,0x00,0x00,0x00,
    0x65,0x0F,0x00,0x00,0x66,0xF6,0x0F,0x00,0x55,0x55,0xF5,0x00,0x69,0x66,0xF6,0x00,
    0x00,0x80,0xBB,0xBB,0x00,0x00,0x88,0xBB,0x00,0x00,0x00,0x88,0x00,0x00,0x00,0x00,
    0x00,0x00,0x00,0x00,0x00,0x00,0x00,0x00,0x00,0x00,0x00,0x00,0x00,0x00,0x00,0x00,
    0xB5,0xA6,0xBB,0xBB,0x6B,0xAA,0xB5,0x6B,0x68,0xBA,0x66,0xB6,0x68,0xBB,0xB6,0xBB,
    0x60,0xBB,0xB6,0xBB,0x00,0x66,0xB8,0xBB,0x00,0x8F,0x4F,0x88,0x00,0x88,0xF8,0x44,
    0xB6,0xBB,0xBB,0x6B,0xBB,0xBB,0xBB,0x8F,0xBB,0xBB,0xFB,0xF4,0xBB,0xBB,0x4F,0x28,
    0xBB,0x88,0x44,0x28,0x88,0x44,0x44,0x28,0x44,0x44,0x84,0x43,0x44,0x44,0x84,0x43,
    0x48,0x84,0x22,0x82,0x8F,0x24,0x22,0x43,0x83,0x28,0x22,0xFE,0x83,0x11,0x22,0xFE,
    0x43,0x11,0x11,0x8E,0x13,0x11,0x11,0x4E,0x13,0x11,0x11,0x11,0x32,0x11,0x11,0x11,
    0x44,0x77,0x77,0x87,0x48,0x74,0x77,0x77,0x83,0x44,0x77,0x77,0x02,0x48,0x74,0x77,
    0x31,0x84,0x44,0x74,0x41,0x22,0x48,0x44,0x11,0x24,0x48,0x44,0x31,0x22,0x82,0x44,
    0x11,0x21,0x56,0x5B,0x18,0x11,0x6F,0x6B,0x87,0x22,0x66,0xFB,0x47,0x28,0xFF,0xF6,
    0x47,0x84,0xFF,0x0F,0x44,0x74,0x08,0x00,0x44,0x44,0x08,0x00,0x44,0x44,0x84,0x00,
    0x9F,0x99,0x99,0x99,0x9F,0x99,0x99,0xF9,0x96,0x99,0x66,0x0F,0xFF,0x99,0x66,0x0F,
    0x00,0xFF,0x66,0xF6,0x00,0x00,0x6F,0x56,0x00,0x00,0xF0,0x66,0x00,0x00,0x00,0xFF,
    0xF9,0xFF,0x0F,0x00,0x0F,0x00,0x00,0x00,0x00,0x00,0x00,0x00,0x00,0x00,0x00,0x00,
    0x00,0x00,0x00,0x00,0x0F,0x00,0x00,0x00,0x0F,0x00,0x00,0x00,0x00,0x00,0x00,0x00,
    0x00,0x00,0x00,0x00,0x00,0x00,0x00,0x00,0x00,0x00,0x00,0x00,0x00,0x00,0x00,0x00,
    0x00,0x00,0x00,0x00,0x00,0x00,0x00,0x00,0x00,0x00,0x00,0x00,0x00,0x00,0x00,0x00,
    0xF0,0x88,0x88,0x8F,0xF0,0x88,0x88,0x88,0xF0,0x88,0x88,0x88,0x00,0x88,0x88,0x88,
    0x00,0x8F,0x88,0x88,0x00,0xF0,0x8F,0xF8,0x00,0x00,0xF0,0x0F,0x00,0x00,0xF0,0xFF,
    0x44,0x44,0x38,0x33,0x4F,0x44,0x38,0x33,0xF8,0x8F,0x33,0x33,0xFF,0xF0,0x38,0x33,
    0xF8,0xF0,0x3F,0x33,0x0F,0x6F,0x34,0x33,0xF0,0x66,0x86,0x33,0x6F,0x66,0x86,0x33,
    0x34,0x12,0x11,0x11,0x23,0x12,0x11,0x21,0x33,0x22,0x11,0x11,0x33,0x23,0x12,0x42,
    0x33,0x43,0x44,0x24,0x43,0x28,0x22,0x33,0x83,0x2F,0x33,0xFF,0x64,0x3F,0x83,0x00,
    0x41,0x22,0x82,0x44,0x24,0x22,0x22,0x48,0x23,0x22,0xF2,0x4F,0x22,0x43,0x0F,0x8F,
    0x22,0x0F,0xF0,0x44,0xF4,0x00,0x8F,0x44,0x00,0x00,0xF0,0x8F,0x00,0x00,0x00,0x80,
    0x44,0x44,0x84,0x00,0x44,0x44,0x44,0x00,0x44,0x44,0x44,0x08,0x44,0x44,0x84,0x84,
    0x44,0x44,0xF8,0x08,0x44,0x84,0x08,0x00,0x84,0x48,0x0F,0x00,0x0F,0xFF,0x00,0x00,
    0x00,0x00,0x00,0x00,0x00,0x00,0x00,0x00,0x00,0x00,0x00,0x00,0x00,0x00,0x00,0x00,
    0x00,0x00,0x00,0x00,0x00,0x00,0x00,0x00,0x00,0x00,0x00,0x00,0x00,0x00,0x00,0x00,
    0x00,0x00,0x00,0x00,0x00,0x00,0x00,0x00,0x00,0x00,0x00,0x00,0x00,0x00,0x00,0x00,
    0x00,0x00,0x00,0x00,0x00,0x00,0x00,0x00,0x00,0x00,0x00,0x00,0x00,0x00,0x00,0x00,
    0x00,0x00,0x00,0x00,0x00,0x00,0x00,0x00,0x00,0x00,0x00,0x00,0x00,0x00,0x00,0x00,
    0x00,0x00,0x00,0x00,0x00,0x00,0x00,0x00,0x00,0x00,0x00,0x80,0x00,0x00,0x00,0x18,
    0x00,0x80,0x28,0x22,0x00,0x14,0x21,0x22,0x00,0x18,0x11,0x22,0x40,0x11,0x11,0x22,
    0x80,0x11,0x21,0x22,0x18,0x11,0x22,0xFF,0x11,0xF1,0x66,0x55,0x21,0x5F,0xF5,0x56,
    0x64,0x66,0x66,0x38,0x42,0x66,0x66,0x35,0x42,0x66,0x56,0x8D,0x42,0x66,0xD4,0x9D,
    0x82,0xCD,0xCC,0xDC,0x82,0xCD,0xCC,0xCC,0x8F,0xDD,0xCC,0xCC,0xDF,0xDD,0xCD,0xCC,
    0x64,0x36,0x0F,0x00,0x68,0xF6,0x00,0x00,0x84,0xF6,0x00,0x00,0xF9,0xFB,0x00,0x00,
    0xBE,0xFB,0x00,0x00,0x9B,0x8B,0x00,0x00,0xEA,0xAA,0x08,0x00,0xAA,0xAE,0x0F,0x00,
    0x00,0x00,0x00,0x00,0x00,0x00,0x00,0x00,0x00,0x00,0x00,0x00,0x00,0x00,0x00,0x00,
    0x00,0x00,0x00,0x00,0x00,0x00,0x00,0x00,0x00,0x00,0x00,0x00,0x00,0x00,0x00,0x00,
    0x00,0x00,0x00,0x00,0x00,0x00,0x00,0x00,0x00,0x00,0x00,0x00,0x00,0x00,0x00,0x00,
    0x00,0x00,0x00,0x00,0x00,0x00,0x00,0x00,0x00,0x00,0x00,0x00,0x00,0x00,0x00,0x00,
    0x00,0x00,0x00,0x00,0x00,0x00,0x00,0x00,0x00,0x00,0x00,0x00,0x00,0x00,0x00,0x00,
    0x00,0x00,0x00,0x00,0x00,0x00,0x00,0x00,0x00,0x00,0x00,0x00,0x00,0x00,0x00,0x00,
    0x00,0x00,0x00,0x00,0x00,0x00,0x00,0x00,0x00,0x00,0x00,0x00,0x00,0x00,0x00,0x00,
    0x00,0x00,0x00,0x00,0x00,0x00,0x00,0x00,0x00,0x00,0x00,0x00,0x00,0x00,0x00,0x00,
    0x00,0x00,0xF0,0x11,0x00,0x00,0x18,0x21,0x00,0x00,0x2F,0x32,0x00,0xF0,0x33,0x33,
    0x00,0xF0,0x33,0x33,0x00,0x3F,0x33,0xF3,0x00,0x3F,0x33,0xFF,0x00,0x3F,0x33,0x6F,
    0x32,0x5F,0xF5,0xFF,0xF3,0x66,0x6F,0xDF,0xF3,0x6F,0x66,0xDF,0x56,0xF5,0x96,0xFF,
    0x5F,0x55,0x9F,0x69,0x65,0x56,0x9F,0x59,0x55,0xF6,0x99,0x99,0x66,0x9F,0x99,0xF9,
    0xDD,0xDD,0xDD,0xCD,0xFD,0xDF,0xDD,0xDD,0x5F,0xF5,0xDD,0xDD,0x55,0xF5,0xDD,0xDD,
    0x65,0xDF,0xDD,0xDD,0xF6,0xDD,0xCD,0xEC,0xF6,0xCD,0xCC,0xCE,0xDF,0xCD,0xCC,0xC9,
    0xAA,0xB9,0x8B,0x00,0xBB,0xB9,0x8B,0x00,0x9B,0xBB,0x0B,0x00,0xB9,0xBB,0x0F,0x00,
    0xBB,0x8B,0x00,0x00,0x8A,0x00,0x00,0x00,0x08,0x00,0x00,0x00,0x0F,0x00,0x00,0x00,
    0x00,0x00,0x00,0x00,0x00,0x00,0x00,0x00,0x00,0x00,0x00,0x00,0x00,0x00,0x00,0x00,
    0x00,0x00,0x00,0x00,0x00,0x00,0x00,0x00,0x00,0x00,0x00,0x00,0x00,0x00,0x00,0x00,
    0x00,0x00,0x00,0x00,0x00,0x00,0x00,0x00,0x00,0x00,0x00,0x00,0x00,0x00,0x00,0x00,
    0x00,0x00,0x00,0x00,0x00,0x00,0x00,0x00,0x00,0x00,0x00,0x00,0x00,0x00,0x00,0x00,
    0x00,0x00,0x00,0x00,0x00,0x00,0x00,0x00,0x00,0x00,0x00,0x00,0x00,0x00,0x00,0x00,
    0x00,0x00,0x00,0x00,0x00,0x00,0x00,0x00,0x00,0x00,0x00,0x00,0x00,0x00,0x00,0x00,
    0x00,0x00,0x00,0x00,0x00,0x00,0x00,0x00,0x00,0x00,0x00,0x00,0x00,0x00,0x00,0x00,
    0x00,0x00,0x00,0x00,0x00,0x00,0x00,0x00,0x00,0x00,0x00,0x00,0x00,0x00,0x00,0x00,
    0x00,0x00,0x00,0x00,0x00,0x00,0x00,0x00,0x00,0x00,0x00,0x00,0x00,0x00,0x00,0x00,
    0x00,0x00,0x00,0x00,0x00,0x00,0x00,0x00,0x00,0x00,0x00,0x00,0x00,0x00,0x00,0x00,
    0x00,0x00,0x00,0x00,0x00,0x00,0x00,0x00,0x00,0x00,0x00,0x00,0x00,0x00,0x00,0x00,
    0x00,0x00,0x00,0x00,0x00,0x00,0x00,0x00,0x00,0x00,0x00,0x00,0x00,0x00,0x00,0x00,
    0x00,0x00,0x00,0x00,0x00,0x00,0x00,0x00,0x00,0x00,0x00,0x00,0x00,0x00,0x00,0x00,
    0x00,0x00,0x00,0x00,0x00,0x00,0x00,0x00,0x00,0x00,0x00,0x00,0x00,0x00,0x00,0x00,
    0x00,0x00,0x00,0x00,0x00,0x00,0x00,0x00,0x00,0x00,0x00,0x00,0x00,0x00,0x00,0x00,
    0x00,0x00,0x00,0x00,0x00,0x00,0x00,0x00,0x00,0x00,0x00,0x00,0x00,0x00,0x00,0x00,
    0x00,0x00,0x00,0x00,0x00,0x00,0x00,0x00,0x00,0x00,0x00,0x00,0x00,0x00,0x00,0x00,
    0x00,0x00,0x00,0x00,0x00,0x00,0x00,0x00,0x00,0x00,0x00,0x00,0x00,0x00,0x00,0x00,
    0x00,0x00,0x00,0x00,0x00,0x00,0x00,0x00,0x00,0x00,0x00,0x00,0x00,0x00,0x00,0x00,
    0x00,0x00,0x00,0x00,0x00,0x00,0x00,0x00,0x00,0x00,0x00,0x00,0x00,0x00,0x00,0x00,
    0x00,0x00,0x00,0x00,0x00,0x00,0x00,0x00,0x00,0x00,0x00,0x00,0x00,0x00,0x00,0x00,
    0x00,0x00,0x00,0x00,0x00,0x00,0x00,0x00,0x00,0x00,0x00,0x00,0x00,0x00,0x00,0x00,
    0x00,0x00,0x00,0x00,0x00,0x00,0x00,0x00,0x00,0x00,0x00,0x00,0x00,0x00,0x00,0x00,
    0x00,0x00,0x00,0x00,0x00,0x00,0x00,0x00,0x00,0x00,0x00,0x00,0x00,0x00,0x00,0x00,
    0x00,0x00,0x00,0x00,0x00,0x00,0x00,0x00,0x00,0x00,0x00,0x00,0x00,0x00,0x00,0x00,
    0x00,0x00,0x00,0x00,0x00,0x00,0x00,0x00,0x00,0x00,0x00,0x00,0x00,0x00,0x00,0x00,
    0x00,0x00,0x00,0x00,0x00,0x00,0x00,0x00,0x00,0x00,0x00,0x00,0x00,0x00,0x00,0x00,
    0x00,0x00,0x00,0x00,0x00,0x00,0x00,0x00,0x00,0x00,0x00,0x00,0x00,0x00,0x00,0x00,
    0x00,0x00,0x00,0x00,0x00,0x00,0x00,0x00,0x00,0x00,0x00,0x00,0x00,0x00,0x00,0x00,
    0x00,0x00,0x00,0x00,0x00,0x00,0x00,0x00,0x00,0x00,0x00,0x00,0x00,0x00,0x00,0x00,
    0x00,0x00,0x00,0x00,0x00,0x00,0x00,0x00,0x00,0x00,0x00,0x00,0x00,0x00,0x00,0x00,
    0x00,0x00,0x00,0x00,0x00,0x00,0x00,0x00,0x00,0x00,0x00,0x00,0x00,0x00,0x00,0x00,
    0x00,0x00,0x00,0x00,0x00,0x00,0x00,0x00,0x00,0x00,0x00,0x00,0x00,0x00,0x00,0x00,
    0x00,0x00,0x00,0x00,0x00,0x00,0x00,0x00,0x00,0x00,0x00,0x00,0x00,0x00,0x00,0x00,
    0x00,0x00,0x00,0x00,0x00,0x00,0x00,0x00,0x00,0x00,0x00,0x00,0x00,0x00,0x00,0x00,
    0x00,0x00,0x00,0x00,0x00,0x00,0x00,0x00,0x00,0x00,0x00,0x00,0x00,0x00,0x00,0x00,
    0x00,0x00,0x00,0x00,0x00,0x00,0x00,0x00,0x00,0x00,0x00,0x00,0x00,0x00,0x00,0x00,
    0x00,0x00,0x00,0x00,0x00,0x00,0x00,0x00,0x00,0x00,0x00,0x00,0x00,0x00,0x00,0x00,
    0x00,0x00,0x00,0x00,0x00,0x00,0x00,0x00,0x00,0x00,0x00,0x00,0x00,0x00,0x00,0x00,
    0x00,0x00,0x00,0x00,0x00,0x00,0x00,0x00,0x00,0x00,0x00,0x00,0x00,0x00,0x00,0x00,
    0x00,0x00,0x00,0x00,0x00,0x00,0x00,0x00,0x00,0x00,0x00,0x00,0x00,0x00,0x00,0x00,
    0x00,0x00,0x00,0x00,0x00,0x00,0x00,0x00,0x00,0x00,0x00,0x00,0x00,0x00,0x00,0x00,
    0x00,0x00,0x00,0x00,0x00,0x00,0x00,0x00,0x00,0x00,0x00,0x00,0x00,0x00,0x00,0x00,
    0x50,0x55,0x06,0x00,0x50,0xBA,0x6B,0x06,0x60,0xBB,0xBB,0x6B,0x60,0xBB,0xBB,0xBB,
    0x00,0x00,0x00,0x00,0x00,0x00,0x00,0x00,0x00,0x00,0x00,0x00,0x00,0x00,0x00,0x60,
    0x00,0x00,0x00,0xA6,0x00,0x00,0x60,0xAA,0x00,0x00,0xA6,0x5A,0x06,0x00,0xB6,0x5B,
    0x00,0x00,0x60,0x66,0x00,0x60,0xA5,0xAA,0x60,0xA5,0xAA,0xAA,0xA5,0xA6,0xAA,0xAA,
    0x5A,0x6A,0xBA,0xBB,0xA5,0x6A,0xBB,0xBB,0xAA,0x6A,0xBB,0xBB,0xAA,0x6B,0xBB,0xBB,
    0x66,0x00,0x00,0x00,0x9A,0x6B,0x06,0x00,0xAA,0xEE,0x5E,0x06,0xAA,0x9A,0xEE,0x6E,
    0xBB,0x9A,0xEE,0x9E,0xBB,0xBB,0xE9,0x6E,0xBB,0xBB,0x99,0x89,0xBB,0x9B,0x99,0x78,
    0x00,0x00,0x00,0x00,0x00,0x00,0x00,0x00,0x00,0x00,0x00,0x00,0x00,0x00,0x00,0x00,
    0x06,0x00,0x00,0x00,0x84,0x04,0x00,0x00,0x44,0x87,0x00,0x00,0x87,0x77,0x08,0x00,
    0x00,0x00,0x00,0x00,0x00,0x00,0x00,0x00,0x00,0x00,0x00,0x00,0x00,0x00,0x00,0x00,
    0x00,0x00,0x00,0x00,0x00,0x00,0x00,0x00,0x00,0x00,0x00,0x00,0x00,0x00,0x00,0x00,
    0x00,0x00,0x00,0x00,0x00,0x00,0x00,0x00,0x00,0x00,0x00,0x00,0x00,0x00,0x00,0x00,
    0x00,0x00,0x00,0x00,0x00,0x00,0x00,0x00,0x00,0x00,0x00,0x00,0x00,0x00,0x00,0x00,
    0x00,0x00,0x00,0x00,0x00,0x00,0x00,0x00,0x00,0x00,0x00,0x00,0x00,0x00,0x00,0x00,
    0x00,0x00,0x00,0x00,0x00,0x00,0x00,0x00,0x00,0x00,0x00,0x00,0x00,0x00,0x00,0x00,
    0x60,0xBB,0xBB,0xBB,0x00,0xB6,0xBB,0xBB,0x00,0xB6,0xBB,0xBB,0x00,0x60,0xBB,0xBB,
    0x00,0x60,0xBB,0xBB,0x00,0x00,0xB6,0xBB,0x00,0x00,0x60,0xB6,0x00,0x00,0x00,0x60,
    0x6B,0x60,0xBB,0xA6,0x6B,0x66,0xBB,0xA5,0xBB,0xB6,0x6B,0xAB,0xBB,0xB6,0x6B,0xBB,
    0x5B,0x66,0x56,0xBB,0x5B,0x6B,0xBA,0xBB,0xBB,0xA6,0x5A,0xBB,0x66,0xA6,0x6B,0x66,
    0xAA,0x8B,0xBB,0xBB,0xBA,0xB5,0xBB,0xBB,0xBA,0xB6,0xBB,0xBB,0xBB,0xB6,0xBB,0xBB,
    0x5B,0xB6,0xBB,0xBB,0x6B,0xBB,0xBB,0xBB,0xB6,0xBB,0xBB,0xFB,0xBB,0xBB,0xBB,0x4F,
    0xBB,0x9B,0x99,0x77,0xBB,0x99,0x89,0x77,0xBB,0x99,0x88,0x74,0x9B,0x89,0x84,0x48,
    0x89,0x44,0x84,0x87,0x88,0x44,0x28,0x22,0xF8,0x48,0x22,0x32,0x3F,0x88,0x22,0xE2,
    0x77,0x78,0x08,0x00,0x77,0x87,0x08,0x00,0x77,0x77,0x87,0x00,0x74,0x77,0x77,0x08,
    0x44,0x77,0x77,0x87,0x48,0x74,0x77,0x77,0x84,0x44,0x77,0x77,0x3F,0x48,0x74,0x77,
    0x00,0x00,0x00,0x00,0x00,0x00,0x00,0x00,0x00,0x00,0x00,0x00,0x00,0x00,0x00,0x00,
    0x00,0x00,0x00,0x00,0x08,0x00,0x00,0x00,0x87,0x00,0x00,0x00,0x77,0x08,0x00,0x00,
    0x00,0x00,0x00,0x00,0x00,0x00,0x00,0x00,0x00,0x00,0x00,0x00,0x00,0x00,0x00,0x00,
    0x00,0x00,0x00,0x00,0x00,0x00,0x00,0x00,0x00,0x00,0x00,0x00,0x00,0x00,0x00,0x00,
    0x00,0x00,0x00,0x00,0x00,0x00,0x00,0x00,0x00,0x00,0x00,0x00,0x00,0x00,0x00,0x00,
    0x00,0x00,0x00,0x00,0x00,0x00,0x00,0x00,0x00,0x00,0x00,0x00,0x00,0x00,0x00,0x00,
    0x00,0x00,0x00,0x00,0x00,0x00,0x00,0x00,0x00,0x00,0x00,0x00,0x00,0x00,0x00,0x00,
    0x00,0x00,0x00,0x00,0x00,0x00,0x00,0x00,0x00,0x00,0x00,0x00,0x00,0x00,0x00,0x00,
    0x60,0xB6,0x6B,0xBB,0x00,0xB6,0x6B,0xBB,0x00,0x60,0x66,0xBB,0x00,0xF0,0xF8,0x84,
    0x00,0x80,0x88,0x4F,0x00,0x8F,0x88,0xF8,0x00,0x8F,0x88,0x88,0x00,0x8F,0x88,0x88,
    0xBB,0xBB,0xFB,0x84,0xBB,0x8B,0x48,0x84,0x8B,0x48,0x44,0x84,0x48,0x44,0x44,0x38,
    0x44,0x44,0x44,0x38,0x48,0x44,0x84,0x33,0xF8,0x44,0x84,0x33,0x88,0xFF,0x38,0x33,
    0x32,0x18,0x21,0xE2,0x32,0x14,0x11,0xE1,0x32,0x11,0x11,0xE1,0x34,0x11,0x11,0x11,
    0x24,0x13,0x11,0x11,0x43,0x23,0x11,0x11,0x33,0x22,0x11,0x11,0x33,0x23,0x12,0x11,
    0x2F,0x80,0x44,0x77,0x18,0x03,0x48,0x44,0x14,0x04,0x80,0x44,0x11,0x41,0x80,0x44,
    0x11,0x03,0x00,0x48,0x11,0x04,0x00,0x48,0x42,0x00,0x00,0x80,0x31,0x00,0x00,0xF0,
    0x77,0x84,0x00,0x00,0x77,0x44,0x08,0x00,0x44,0x44,0x87,0x00,0x44,0x44,0x84,0x00,
    0x44,0x44,0x44,0x08,0x44,0x44,0x44,0x08,0x44,0x44,0x44,0x04,0x44,0x44,0x44,0x84,
    0x00,0x00,0x00,0x00,0x00,0x00,0x00,0x00,0x00,0x00,0x00,0x00,0x00,0x00,0x00,0x00,
    0x00,0x00,0x00,0x00,0x00,0x00,0x00,0x00,0x00,0x00,0x00,0x00,0x00,0x00,0x00,0x00,
    0x00,0x00,0x00,0x00,0x00,0x00,0x00,0x00,0x00,0x00,0x00,0x00,0x00,0x00,0x00,0x00,
    0x00,0x00,0x00,0x00,0x00,0x00,0x00,0x00,0x00,0x00,0x00,0x00,0x00,0x00,0x00,0x00,
    0x00,0x00,0x00,0x00,0x00,0x00,0x00,0x00,0x00,0x00,0x00,0x00,0x00,0x00,0x00,0x00,
    0x00,0x00,0x00,0x00,0x00,0x00,0x00,0x00,0x00,0x00,0x00,0x00,0x00,0x00,0x00,0x00,
    0x00,0x80,0x88,0x88,0x00,0xF0,0x88,0x88,0x00,0x00,0xFF,0x88,0x00,0x00,0x00,0xFF,
    0x00,0x00,0x00,0x00,0x00,0x00,0x00,0x00,0x00,0x00,0x00,0x00,0x00,0x00,0x00,0x00,
    0xF8,0x0F,0x8F,0x33,0x88,0x0F,0xFF,0x33,0xFF,0xF0,0x48,0x88,0x00,0x80,0x55,0x65,
    0x00,0x80,0x88,0x66,0x00,0x80,0x99,0x99,0x00,0x88,0xBB,0xBB,0x88,0xBA,0xBB,0xBB,
    0x33,0x33,0x22,0x21,0x33,0x33,0x44,0x44,0x44,0x83,0x00,0x00,0x66,0x88,0x08,0x00,
    0x66,0x66,0x86,0x00,0x66,0x66,0x66,0x00,0xBB,0x8B,0x4B,0x8B,0xBB,0xBB,0x24,0x12,
    0x04,0x00,0x00,0xF0,0x00,0x00,0x00,0x4F,0x00,0x00,0xF0,0x48,0x00,0x00,0x00,0xFF,
    0x00,0x00,0x00,0x00,0x00,0x00,0x00,0x00,0x00,0x00,0x00,0x00,0x84,0x00,0x00,0x00,
    0x48,0x44,0x44,0x48,0x44,0x44,0x84,0x8F,0x44,0x44,0x88,0x00,0x48,0x88,0xF4,0x00,
    0xF8,0xF0,0x0F,0x00,0x00,0x00,0x00,0x00,0x00,0x00,0x00,0x00,0x00,0x00,0x00,0x00,
    0x08,0x00,0x00,0x00,0x00,0x00,0x00,0x00,0x00,0x00,0x00,0x00,0x00,0x00,0x00,0x00,
    0x00,0x00,0x00,0x00,0x00,0x00,0x00,0x00,0x00,0x00,0x00,0x00,0x00,0x00,0x00,0x00,
    0x00,0x00,0x00,0x00,0x00,0x00,0x00,0x00,0x00,0x00,0x00,0x00,0x00,0x00,0x00,0x00,
    0x00,0x00,0x00,0x00,0x00,0x00,0x00,0x00,0x00,0x00,0x00,0x00,0x00,0x00,0x00,0x00,
    0x00,0x00,0x00,0x00,0x00,0x00,0x00,0x00,0x00,0x00,0x00,0x00,0x00,0x00,0x00,0x00,
    0x00,0x00,0x00,0x00,0x00,0x00,0x00,0x00,0x00,0x00,0x00,0x00,0x00,0x00,0x00,0x00,
    0x00,0x00,0x00,0x84,0x00,0x00,0x40,0x11,0x00,0x00,0x14,0x22,0x00,0x00,0x28,0x22,
    0x00,0x40,0x22,0x22,0x00,0x80,0x22,0x22,0x00,0x80,0x22,0x22,0x00,0x80,0x22,0x22,
    0x22,0xB8,0xBB,0xBB,0x22,0xB4,0xBB,0xBB,0x42,0xBB,0xBB,0xBB,0x42,0xBB,0xBB,0xBB,
    0x42,0xBB,0xBB,0xBB,0x42,0xBB,0xBB,0xBB,0x43,0xBB,0xBB,0xBB,0x33,0xB4,0xBB,0xBB,
    0xBB,0x4B,0x22,0x12,0xBB,0x4B,0x22,0x22,0xBB,0x4B,0x22,0x22,0xBB,0x4B,0x22,0x22,
    0xBB,0xBB,0x24,0x22,0xBB,0xBB,0x24,0x22,0xBB,0xBB,0x8B,0x22,0xBB,0xBB,0xBB,0x34,
    0x11,0x08,0x00,0x00,0x11,0x41,0x00,0x00,0x11,0x11,0x04,0x00,0x12,0x11,0x08,0x00,
    0x22,0x12,0x81,0x00,0x22,0x22,0x82,0x00,0x22,0x22,0x42,0x00,0x22,0x22,0x22,0x08,
    0x00,0x00,0x00,0x00,0x00,0x00,0x00,0x00,0x00,0x00,0x00,0x00,0x00,0x00,0x00,0x00,
    0x00,0x00,0x00,0x00,0x00,0x00,0x00,0x00,0x00,0x00,0x00,0x00,0x00,0x00,0x00,0x00,
    0x00,0x00,0x00,0x00,0x00,0x00,0x00,0x00,0x00,0x00,0x00,0x00,0x00,0x00,0x00,0x00,
    0x00,0x00,0x00,0x00,0x00,0x00,0x00,0x00,0x00,0x00,0x00,0x00,0x00,0x00,0x00,0x00,
    0x00,0x00,0x00,0x00,0x00,0x00,0x00,0x00,0x00,0x00,0x00,0x00,0x00,0x00,0x00,0x00,
    0x00,0x00,0x00,0x00,0x00,0x00,0x00,0x00,0x00,0x00,0x00,0x00,0x00,0x00,0x00,0x00,
    0x00,0x00,0x00,0x00,0x00,0x00,0x00,0x00,0x00,0x00,0x00,0x00,0x00,0x00,0x00,0x00,
    0x00,0x00,0x00,0x00,0x00,0x00,0x00,0x00,0x00,0x00,0x00,0x00,0x00,0x00,0x00,0x00,
    0x00,0x28,0x22,0x22,0x00,0x28,0x22,0x22,0x00,0x24,0x22,0x22,0x80,0x21,0x22,0xF2,
    0x80,0x22,0x22,0xF2,0x40,0x22,0x22,0xF2,0x18,0x22,0x22,0x0F,0x28,0x22,0x22,0x0F,
    0x83,0xB4,0xBB,0xBB,0x0F,0xB4,0xBB,0xBB,0x0F,0xB8,0xBA,0xBB,0x00,0x40,0xAB,0xBB,
    0x00,0x80,0xBA,0xBA,0x00,0x80,0x88,0x88,0x00,0xA8,0xAA,0xAA,0x80,0xBB,0xBB,0xBB,
    0xBB,0xBB,0xBB,0x88,0xBB,0xBB,0xBB,0x0F,0xBB,0xBB,0xBB,0x0F,0xBB,0xBB,0x8B,0x00,
    0xBB,0xBB,0xFB,0x00,0x88,0x88,0x88,0x00,0xBA,0xBB,0xBB,0x08,0xBB,0xB4,0xBB,0x08,
    0x23,0x22,0x22,0x08,0x2F,0x22,0x22,0x81,0xF0,0x22,0x22,0x41,0xF0,0x22,0x22,0x11,
    0x00,0x2F,0x22,0x12,0x00,0x2F,0x22,0x12,0x00,0xF0,0x22,0x22,0x00,0xF0,0x22,0x22,
    0x00,0x00,0x00,0x00,0x00,0x00,0x00,0x00,0x00,0x00,0x00,0x00,0x08,0x00,0x00,0x00,
    0x04,0x00,0x00,0x00,0x81,0x00,0x00,0x00,0x11,0x08,0x00,0x00,0x11,0x04,0x00,0x00,
    0x00,0x00,0x00,0x00,0x00,0x00,0x00,0x00,0x00,0x00,0x00,0x00,0x00,0x00,0x00,0x00,
    0x00,0x00,0x00,0x00,0x00,0x00,0x00,0x00,0x00,0x00,0x00,0x00,0x00,0x00,0x00,0x00,
};
